--
-- PostgreSQL database dump
--

-- Dumped from database version 15.8
-- Dumped by pg_dump version 17.2

-- Started on 2025-08-07 11:50:13

SET statement_timeout = 0;
SET lock_timeout = 0;
SET idle_in_transaction_session_timeout = 0;
SET transaction_timeout = 0;
SET client_encoding = 'UTF8';
SET standard_conforming_strings = on;
SELECT pg_catalog.set_config('search_path', '', false);
SET check_function_bodies = false;
SET xmloption = content;
SET client_min_messages = warning;
SET row_security = off;

--
-- TOC entry 3927 (class 0 OID 17626)
-- Dependencies: 268
-- Data for Name: Ciclos; Type: TABLE DATA; Schema: public; Owner: postgres
--

INSERT INTO public."Ciclos" (created_at, nombre, siglas, descripcion, id_ciclo) VALUES ('2025-03-11 11:55:24.763055+00', 'Desarrollo de Aplicaciones Web', 'DAW', 'El Grado Superior en Desarrollo de Aplicaciones Web es un título oficial de Formación Profesional perteneciente a la rama de Informática. La titulación, también conocida como DAW, está acreditada por el Ministerio de Educación.En esta FP conocerás la parte front end de la programación así como aspectos fundamentales de la parte back o ámbitos transversales como los sistemas informáticos o las bases de datos. ', '36cabd1e-c173-495d-94fc-51bfe6df800d');
INSERT INTO public."Ciclos" (created_at, nombre, siglas, descripcion, id_ciclo) VALUES ('2025-03-11 11:55:24.763055+00', 'Desarrollo de Aplicaciones Multiplataforma', 'DAM', 'DAM es una titulación oficial de grado superior que se encuentra dentro de la rama de FP Informática. Como Técnico Superior en Desarrollo de Aplicaciones Multiplataforma de Desarrollo de Aplicaciones Multiplataforma aprenderás todo lo que necesitas saber sobre sistemas informáticos, bases de datos y programación front y back end, adquiriendo así un aprendizaje más completo.', '5f032c9e-08f1-41de-bc4c-19a3ac2827fe');
INSERT INTO public."Ciclos" (created_at, nombre, siglas, descripcion, id_ciclo) VALUES ('2025-03-11 11:55:24.763055+00', 'Desarrollo de VideoJuegos y Realidad Virtual', 'CEVRV', 'La competencia general de este curso de especialización consiste en diseñar y desarrollar videojuegos para diferentes dispositivos y plataformas, garantizando la experiencia del usuario, utilizando herramientas de última generación que permitan actuar en todas las fases de su desarrollo, así como aplicaciones interactivas de realidad virtual y aumentada.', 'a906f924-b287-4acf-a170-f743152c2aa3');
INSERT INTO public."Ciclos" (created_at, nombre, siglas, descripcion, id_ciclo) VALUES ('2025-03-11 11:55:24.763055+00', 'Sistemas Microinformáticos y Redes', 'SMR', 'Sistemas Microinformáticos y Redes es una profesión que se centra en el diseño, implementación y mantenimiento de sistemas informáticos a pequeña escala, incluyendo redes de computadoras y la administración de hardware, software y servicios relacionados para garantizar su funcionamiento eficiente y seguro. La labor del Técnico SMR es importante porque gracias a ella se asegura la eficiencia y seguridad de los sistemas informáticos en empresas e instituciones.', '56951ab9-cc40-421b-84ce-730b167edbfe');
INSERT INTO public."Ciclos" (created_at, nombre, siglas, descripcion, id_ciclo) VALUES ('2025-03-11 11:55:24.763055+00', 'Administración de Sistemas Informáticos en Red', 'ASIR', 'El término Administración de Sistemas Informáticos en Red hace referencia a una profesión que implica gestionar, mantener y asegurar el correcto funcionamiento de los sistemas informáticos en una red. Además es el nombre que adquiere el Grado Superior de Formación Profesional (FP) donde los alumnos se convierten en técnicos profesionales. Es importante porque garantiza la disponibilidad, seguridad y eficiencia de los recursos tecnológicos, facilitando el flujo de información y el funcionamiento de las organizaciones.', '3eb505e1-d0d0-46eb-87bb-d4cbb7ff7833');


--
-- TOC entry 3928 (class 0 OID 17636)
-- Dependencies: 269
-- Data for Name: Cursos; Type: TABLE DATA; Schema: public; Owner: postgres
--

INSERT INTO public."Cursos" (created_at, centro, nombre, descripcion, anyo, id_curso) VALUES ('2025-05-16 07:38:55.283232+00', 'IES Poeta Paco Mollà (Petrer)', 'Curso 2025/2026', 'Curso de prueba para eliminar después.', '2025', '256d7f00-0efe-47d0-86c1-65dcb8cc58fa');
INSERT INTO public."Cursos" (created_at, centro, nombre, descripcion, anyo, id_curso) VALUES ('2025-05-10 07:34:50+00', 'IES Poeta Paco Mollà (Petrer)', 'Curso 2024/2025', 'Primer curso de Desarrollo de Aplicaciones Web', '2024', '15726b48-92d4-4741-9b10-70f5181416ce');
INSERT INTO public."Cursos" (created_at, centro, nombre, descripcion, anyo, id_curso) VALUES ('2024-12-23 16:53:50.698609+00', 'IES Poeta Paco Mollà (Petrer)', 'Curso 2023/2024', 'Primer curso de Administración de Sistemas Informáticos', '2023', '615b047d-5bc4-44e5-97d5-6a4f395212b6');


--
-- TOC entry 3929 (class 0 OID 17647)
-- Dependencies: 270
-- Data for Name: Discentes; Type: TABLE DATA; Schema: public; Owner: postgres
--

INSERT INTO public."Discentes" (nombre, apellidos, correo, fecha_nac, localidad, id_discente, imagen, created_at, "NIA", activo) VALUES ('Adrián', 'Iborra Poveda', 'agonzalez@example.com', '2001-12-10', 'Petrer', 'f114a27d-5f48-456f-a915-32226f319a35', '', '2025-05-12 15:16:02.558789+00', '', true);
INSERT INTO public."Discentes" (nombre, apellidos, correo, fecha_nac, localidad, id_discente, imagen, created_at, "NIA", activo) VALUES ('Pablo ', 'Ruiz Muñoz', 'cfernandez@example.com', '2001-12-10', 'Elda', '03f98759-f7c1-43da-b061-58e2f7c12c1e', '', '2025-05-12 15:16:02.558789+00', '', true);
INSERT INTO public."Discentes" (nombre, apellidos, correo, fecha_nac, localidad, id_discente, imagen, created_at, "NIA", activo) VALUES ('Nuria', 'Vera Díaz', 'jperez@example.com', '2003-02-20', 'Aspe', '05f24207-4bb9-4943-8a14-523139d26a11', '', '2025-05-12 15:16:02.558789+00', '', true);
INSERT INTO public."Discentes" (nombre, apellidos, correo, fecha_nac, localidad, id_discente, imagen, created_at, "NIA", activo) VALUES ('Francisco', 'Murillo Pérez', 'lramirez@example.com', '2003-07-22', 'Petrer', '1f3b1f48-aff7-4dfb-8b12-a4639bf3ddf1', '', '2025-05-12 15:16:02.558789+00', '', true);
INSERT INTO public."Discentes" (nombre, apellidos, correo, fecha_nac, localidad, id_discente, imagen, created_at, "NIA", activo) VALUES ('Miguel ', 'Hernández Monllor', 'mlopez@example.com', '2002-06-15', 'Petrer', '109837f4-f954-4e01-9b33-4016ee36aa6c', '', '2025-05-12 15:16:02.558789+00', '', true);
INSERT INTO public."Discentes" (nombre, apellidos, correo, fecha_nac, localidad, id_discente, imagen, created_at, "NIA", activo) VALUES ('María José', 'Grau Vidal', 'cfernandez@example.com', '2002-03-05', 'Aspe', '352a5fd1-bac6-43eb-a8e7-53f24d9d04c2', '', '2025-05-12 15:16:02.558789+00', '', true);
INSERT INTO public."Discentes" (nombre, apellidos, correo, fecha_nac, localidad, id_discente, imagen, created_at, "NIA", activo) VALUES ('Aarón', 'Carpena Rodríguez', 'agonzalez@example.com', '2001-12-10', 'Novelda', '65b50401-bfdc-4b80-bf4c-f038817cb71a', '', '2025-05-12 15:16:02.558789+00', '', true);
INSERT INTO public."Discentes" (nombre, apellidos, correo, fecha_nac, localidad, id_discente, imagen, created_at, "NIA", activo) VALUES ('Carlos', 'Villaescusa Martínez', 'jperez@example.com', '2003-02-20', 'Petrer', '65f6e800-af07-447a-a92a-27ea5f6ac33d', '', '2025-05-12 15:16:02.558789+00', '', true);
INSERT INTO public."Discentes" (nombre, apellidos, correo, fecha_nac, localidad, id_discente, imagen, created_at, "NIA", activo) VALUES ('Ian', 'Miguel Soler', 'mlopez@example.com', '2002-06-15', 'Petrer', '771943e9-3614-47d3-bc1a-e6bdb675ddc8', '', '2025-05-12 15:16:02.558789+00', '', true);
INSERT INTO public."Discentes" (nombre, apellidos, correo, fecha_nac, localidad, id_discente, imagen, created_at, "NIA", activo) VALUES ('Jessica Alexandra', 'López Franco', 'agonzalez@example.com', '2001-12-10', 'Novelda', '799756dc-bd28-4ad0-b9e5-604ca2c619c0', '', '2025-05-12 15:16:02.558789+00', '', true);
INSERT INTO public."Discentes" (nombre, apellidos, correo, fecha_nac, localidad, id_discente, imagen, created_at, "NIA", activo) VALUES ('Nathália Cristina', 'Michalowski Rosa', 'lramirez@example.com', '2003-07-22', 'Elda', '7cf1cfca-7699-420a-baaf-8d952d4ee98c', '', '2025-05-12 15:16:02.558789+00', '', true);
INSERT INTO public."Discentes" (nombre, apellidos, correo, fecha_nac, localidad, id_discente, imagen, created_at, "NIA", activo) VALUES ('Miguel Ángel', 'Grimal López', 'lramirez@example.com', '2003-07-22', 'Elda', '865ad2cc-fb3c-47b1-8ff8-a02f3c449853', '', '2025-05-12 15:16:02.558789+00', '', true);
INSERT INTO public."Discentes" (nombre, apellidos, correo, fecha_nac, localidad, id_discente, imagen, created_at, "NIA", activo) VALUES ('Manuel', 'Martínez Santos', 'cfernandez@example.com', '2002-03-05', 'Aspe', '9d3bc0b6-288b-4dd7-ae30-0f44875f647e', '', '2025-05-12 15:16:02.558789+00', '', true);
INSERT INTO public."Discentes" (nombre, apellidos, correo, fecha_nac, localidad, id_discente, imagen, created_at, "NIA", activo) VALUES ('Pablo ', 'Espinosa Mira', 'jperez@example.com', '2003-02-20', 'Petrer', '9fdc796f-d217-48fa-9e43-9dc87dac827d', '', '2025-05-12 15:16:02.558789+00', '', true);
INSERT INTO public."Discentes" (nombre, apellidos, correo, fecha_nac, localidad, id_discente, imagen, created_at, "NIA", activo) VALUES ('Alberto', 'López Gil', 'jperez@example.com', '2003-02-20', 'Petrer', 'c55fc30c-b6b4-43b1-87a7-ea6b77adc8b6', '', '2025-05-12 15:16:02.558789+00', '', true);
INSERT INTO public."Discentes" (nombre, apellidos, correo, fecha_nac, localidad, id_discente, imagen, created_at, "NIA", activo) VALUES ('Alexis', 'Maíquez Murcia', 'jperez@example.com', '2003-02-20', 'Aspe', '2203157e-0148-4ee9-8f87-f68cc81f1058', '', '2025-05-12 15:16:02.558789+00', '', true);
INSERT INTO public."Discentes" (nombre, apellidos, correo, fecha_nac, localidad, id_discente, imagen, created_at, "NIA", activo) VALUES ('Pedro', 'Martín Del Olmo Cuenca', 'lramirez@example.com', '2003-02-20', 'Petrer', '2b60b5e8-31c5-4395-a982-993e6b1a9329', '', '2025-05-12 15:16:02.558789+00', '', true);
INSERT INTO public."Discentes" (nombre, apellidos, correo, fecha_nac, localidad, id_discente, imagen, created_at, "NIA", activo) VALUES ('Isaac Julián', 'Pavón Ruiz', 'agonzalez@example.com', '2001-12-10', 'Petrer', '30243064-9913-4722-8f8c-e1836e08819c', '', '2025-05-12 15:16:02.558789+00', '', true);
INSERT INTO public."Discentes" (nombre, apellidos, correo, fecha_nac, localidad, id_discente, imagen, created_at, "NIA", activo) VALUES ('Iván ', 'Garrido Mora', 'jperez@example.com', '2003-02-20', 'Aspe', '433c9c9f-3db8-4314-8f99-c9e141233718', '', '2025-05-12 15:16:02.558789+00', '', true);
INSERT INTO public."Discentes" (nombre, apellidos, correo, fecha_nac, localidad, id_discente, imagen, created_at, "NIA", activo) VALUES ('Kingsley Shyne', 'Mattis Sogorb', 'mlopez@example.com', '2002-06-15', 'Novelda', '4526735b-936a-4425-bbfc-f1c135467d7e', '', '2025-05-12 15:16:02.558789+00', '', true);
INSERT INTO public."Discentes" (nombre, apellidos, correo, fecha_nac, localidad, id_discente, imagen, created_at, "NIA", activo) VALUES ('Juan Manuel', 'Blanco Araujo', 'lramirez@example.com', '2003-07-22', 'Petrer', '58879483-8572-4d66-a0e1-9c334d8e9b6e', '', '2025-05-12 15:16:02.558789+00', '', true);
INSERT INTO public."Discentes" (nombre, apellidos, correo, fecha_nac, localidad, id_discente, imagen, created_at, "NIA", activo) VALUES ('Héctor', 'Valenzuela García', 'mlopez@example.com', '2002-06-15', 'Novelda', '5dd63601-d47d-4e53-8223-f2126876c8c0', '', '2025-05-12 15:16:02.558789+00', '', true);
INSERT INTO public."Discentes" (nombre, apellidos, correo, fecha_nac, localidad, id_discente, imagen, created_at, "NIA", activo) VALUES ('Tomás', 'Soler Linares', 'agonzalez@example.com', '2003-07-22', 'Petrer', '67791e51-bebc-4a96-ac91-c34d1ae49ae3', '', '2025-05-12 15:16:02.558789+00', '', true);
INSERT INTO public."Discentes" (nombre, apellidos, correo, fecha_nac, localidad, id_discente, imagen, created_at, "NIA", activo) VALUES ('Pol', 'Aran Serrano', 'mlopez@example.com', '2002-03-05', 'Novelda', '81138c09-2ce6-47ef-a950-ccb6bb9e9dfd', '', '2025-05-12 15:16:02.558789+00', '', true);
INSERT INTO public."Discentes" (nombre, apellidos, correo, fecha_nac, localidad, id_discente, imagen, created_at, "NIA", activo) VALUES ('Jose Luis', 'Murillo González', 'cfernandez@example.com', '2002-03-05', 'Elda', 'b96059e0-3b46-4f2d-84e0-4564202400ff', '', '2025-05-12 15:16:02.558789+00', '', true);
INSERT INTO public."Discentes" (nombre, apellidos, correo, fecha_nac, localidad, id_discente, imagen, created_at, "NIA", activo) VALUES ('Luis ', 'Gutiérrez García', 'agonzalez@example.com', '2001-12-10', 'Petrer', 'bc5552ac-9079-4760-88e8-ff48c6462401', '', '2025-05-12 15:16:02.558789+00', '', true);
INSERT INTO public."Discentes" (nombre, apellidos, correo, fecha_nac, localidad, id_discente, imagen, created_at, "NIA", activo) VALUES ('Eduardo', 'De La Cotera Martínez', 'cfernandez@example.com', '2002-03-05', 'Elda', 'ccdb9b8e-c8b8-4ba2-b176-61405c2912c9', '', '2025-05-12 15:16:02.558789+00', '', true);
INSERT INTO public."Discentes" (nombre, apellidos, correo, fecha_nac, localidad, id_discente, imagen, created_at, "NIA", activo) VALUES ('Adrián', 'Pareja Morote', 'agonzalez@example.com', '2001-12-10', 'Novelda', 'e50e69df-421b-41a0-89d9-f3491ec99af8', '', '2025-05-12 15:16:02.558789+00', '', true);


--
-- TOC entry 3930 (class 0 OID 17655)
-- Dependencies: 271
-- Data for Name: Evaluaciones; Type: TABLE DATA; Schema: public; Owner: postgres
--

INSERT INTO public."Evaluaciones" (created_at, nombre, fecha_ini, fecha_fin, descripcion, id_tipoevaluacion, id_evaluacion, id_curso, id_modulo) VALUES ('2025-06-19 16:07:04.108969+00', 'Primera evaluación DWC  2025/2026', '2025-09-01', '2025-12-22', '', NULL, 'b8e5b4c2-6ab5-462e-b9e4-7be47dabbfe1', '256d7f00-0efe-47d0-86c1-65dcb8cc58fa', '0cacc34d-36b1-435b-b51d-318d9c55d21c');
INSERT INTO public."Evaluaciones" (created_at, nombre, fecha_ini, fecha_fin, descripcion, id_tipoevaluacion, id_evaluacion, id_curso, id_modulo) VALUES ('2025-06-19 16:07:04.108969+00', 'Segunda evaluación DWC  2025/2026', '2026-01-07', '2026-03-15', '', NULL, '9d4e4edc-6802-4ad9-b37d-b8853d2fcee9', '256d7f00-0efe-47d0-86c1-65dcb8cc58fa', '0cacc34d-36b1-435b-b51d-318d9c55d21c');
INSERT INTO public."Evaluaciones" (created_at, nombre, fecha_ini, fecha_fin, descripcion, id_tipoevaluacion, id_evaluacion, id_curso, id_modulo) VALUES ('2025-06-19 16:07:04.108969+00', 'Final ordinaria DWC  2025/2026', '2026-03-16', '2026-05-30', '', NULL, 'af6f647b-6829-4251-a09e-e5d96de4b228', '256d7f00-0efe-47d0-86c1-65dcb8cc58fa', '0cacc34d-36b1-435b-b51d-318d9c55d21c');
INSERT INTO public."Evaluaciones" (created_at, nombre, fecha_ini, fecha_fin, descripcion, id_tipoevaluacion, id_evaluacion, id_curso, id_modulo) VALUES ('2025-06-19 16:07:04.108969+00', 'Extraordinaria DWC  2025/2026', '2026-06-01', '2026-06-30', '', NULL, '5df23e27-3522-49cb-8976-809dc262a11b', '256d7f00-0efe-47d0-86c1-65dcb8cc58fa', '0cacc34d-36b1-435b-b51d-318d9c55d21c');
INSERT INTO public."Evaluaciones" (created_at, nombre, fecha_ini, fecha_fin, descripcion, id_tipoevaluacion, id_evaluacion, id_curso, id_modulo) VALUES ('2025-06-20 09:29:04.861194+00', 'Primera evaluación DGP  2025/2026', '2025-09-01', '2025-12-22', '', NULL, '2651f5bf-309e-4622-becb-34f5fa1ae66d', '256d7f00-0efe-47d0-86c1-65dcb8cc58fa', 'a4a00b5e-c0f4-4361-80dd-76cd7d071f5b');
INSERT INTO public."Evaluaciones" (created_at, nombre, fecha_ini, fecha_fin, descripcion, id_tipoevaluacion, id_evaluacion, id_curso, id_modulo) VALUES ('2025-06-20 09:29:04.861194+00', 'Segunda evaluación DGP  2025/2026', '2026-01-07', '2026-03-15', '', NULL, 'ba0cedf7-7946-4056-be05-3b1d7da26595', '256d7f00-0efe-47d0-86c1-65dcb8cc58fa', 'a4a00b5e-c0f4-4361-80dd-76cd7d071f5b');
INSERT INTO public."Evaluaciones" (created_at, nombre, fecha_ini, fecha_fin, descripcion, id_tipoevaluacion, id_evaluacion, id_curso, id_modulo) VALUES ('2025-06-20 09:29:04.861194+00', 'Final ordinaria DGP  2025/2026', '2026-03-16', '2026-05-30', '', NULL, '54bb437a-d783-4fec-b195-ada180bebd40', '256d7f00-0efe-47d0-86c1-65dcb8cc58fa', 'a4a00b5e-c0f4-4361-80dd-76cd7d071f5b');
INSERT INTO public."Evaluaciones" (created_at, nombre, fecha_ini, fecha_fin, descripcion, id_tipoevaluacion, id_evaluacion, id_curso, id_modulo) VALUES ('2025-06-20 09:29:04.861194+00', 'Extraordinaria DGP  2025/2026', '2026-06-01', '2026-06-30', '', NULL, '7bb76de1-4d20-4f8c-bbc8-1b4e9537dbb5', '256d7f00-0efe-47d0-86c1-65dcb8cc58fa', 'a4a00b5e-c0f4-4361-80dd-76cd7d071f5b');


--
-- TOC entry 3931 (class 0 OID 17664)
-- Dependencies: 272
-- Data for Name: Modulos; Type: TABLE DATA; Schema: public; Owner: postgres
--

INSERT INTO public."Modulos" (created_at, nombre, siglas, descripcion, id_modulo, id_ciclo) VALUES ('2025-03-11 12:24:31.301724+00', 'Montaje y mantenimiento de equipos', 'MME', 'En este módulo se aprende a ensamblar y mantener equipos informáticos, identificando y solucionando posibles fallos de hardware.', '3e0d4355-eca3-4fc4-954b-6342b6a99c9d', '56951ab9-cc40-421b-84ce-730b167edbfe');
INSERT INTO public."Modulos" (created_at, nombre, siglas, descripcion, id_modulo, id_ciclo) VALUES ('2025-03-11 12:24:31.301724+00', 'Sistemas operativos monopuesto', 'SOM', 'Se centra en la instalación, configuración y administración de sistemas operativos en equipos individuales, asegurando su correcto funcionamiento.', '02617676-b7aa-4b2d-b913-f902097183a7', '56951ab9-cc40-421b-84ce-730b167edbfe');
INSERT INTO public."Modulos" (created_at, nombre, siglas, descripcion, id_modulo, id_ciclo) VALUES ('2025-03-11 12:24:31.301724+00', 'Sistemas operativos en red', 'SOR', 'Este módulo aborda la instalación y gestión de sistemas operativos diseñados para funcionar en entornos de red, facilitando la comunicación y el intercambio de recursos entre equipos.', '0fff16bd-b8bb-4746-b574-29eda9e04d45', '56951ab9-cc40-421b-84ce-730b167edbfe');
INSERT INTO public."Modulos" (created_at, nombre, siglas, descripcion, id_modulo, id_ciclo) VALUES ('2025-03-11 12:24:31.301724+00', 'Aplicaciones ofimáticas', 'AOF', 'Se adquieren habilidades en el uso de herramientas ofimáticas, como procesadores de texto, hojas de cálculo y software de presentaciones, esenciales para el entorno empresarial.', '451f9f42-25b8-42b5-a2f1-a70fe92563ef', '56951ab9-cc40-421b-84ce-730b167edbfe');
INSERT INTO public."Modulos" (created_at, nombre, siglas, descripcion, id_modulo, id_ciclo) VALUES ('2025-03-11 12:24:31.301724+00', 'Administración de sistemas operativos', 'ASO', 'Se profundiza en la gestión avanzada de sistemas operativos, incluyendo la administración de servicios, la optimización del rendimiento y la implementación de políticas de seguridad para proteger la integridad del sistema.', 'ebc4d0ed-1bfc-4427-bd04-3d8620063220', '3eb505e1-d0d0-46eb-87bb-d4cbb7ff7833');
INSERT INTO public."Modulos" (created_at, nombre, siglas, descripcion, id_modulo, id_ciclo) VALUES ('2025-03-11 12:24:31.301724+00', 'Fundamentos de hardware', 'FHW', 'Este módulo proporciona conocimientos sobre los componentes físicos de los sistemas informáticos, enseñando a identificar, montar y mantener hardware, así como a diagnosticar y solucionar problemas relacionados.', 'ab9e5c22-8a0f-421a-82ba-2d0d4fa6fbeb', '3eb505e1-d0d0-46eb-87bb-d4cbb7ff7833');
INSERT INTO public."Modulos" (created_at, nombre, siglas, descripcion, id_modulo, id_ciclo) VALUES ('2025-03-11 12:24:31.301724+00', 'Desarrollo de Interfaces', 'DIN', 'Se aprende a diseñar y programar interfaces de usuario intuitivas y funcionales, considerando aspectos de usabilidad y experiencia del usuario (UX).', '38039f93-d31d-4e2e-a213-dd3113f282ae', '5f032c9e-08f1-41de-bc4c-19a3ac2827fe');
INSERT INTO public."Modulos" (created_at, nombre, siglas, descripcion, id_modulo, id_ciclo) VALUES ('2025-03-11 12:24:31.301724+00', 'Implantación de sistemas operativos', 'ISO', 'Este módulo se centra en la instalación, configuración y administración de sistemas operativos, tanto en entornos monopuesto como en red. Los estudiantes aprenden a gestionar recursos, usuarios y permisos, asegurando el correcto funcionamiento del sistema.', '81ac77a1-5ec1-4462-ab3c-f11887ad37c1', '3eb505e1-d0d0-46eb-87bb-d4cbb7ff7833');
INSERT INTO public."Modulos" (created_at, nombre, siglas, descripcion, id_modulo, id_ciclo) VALUES ('2025-03-11 12:24:31.301724+00', 'Diseño de Interfaces Web', 'DIW', 'Se trabajan principios de usabilidad, accesibilidad, experiencia de usuario (UX/UI) y diseño responsivo con CSS y frameworks como Bootstrap o Tailwind CSS. Se estudian herramientas de diseño como Figma.', '2122f6ea-9294-4e24-87cd-b2e8dbc14e1a', '36cabd1e-c173-495d-94fc-51bfe6df800d');
INSERT INTO public."Modulos" (created_at, nombre, siglas, descripcion, id_modulo, id_ciclo) VALUES ('2025-03-11 12:24:31.301724+00', 'Desarrollo Web en Entorno Cliente', 'DWC', 'Se aprende a desarrollar la parte visual y dinámica de las aplicaciones web utilizando HTML, CSS y JavaScript. Se profundiza en frameworks y librerías como React, Vue.js o Angular, así como en la manipulación del DOM y AJAX para mejorar la experiencia del usuario.', '0cacc34d-36b1-435b-b51d-318d9c55d21c', '36cabd1e-c173-495d-94fc-51bfe6df800d');
INSERT INTO public."Modulos" (created_at, nombre, siglas, descripcion, id_modulo, id_ciclo) VALUES ('2025-03-11 12:24:31.301724+00', 'Sistemas informáticos (DAW)', 'SIW', 'Se aprende a instalar, configurar y administrar sistemas operativos en entornos de servidor y cliente. Se abordan conceptos de hardware, redes, gestión de usuarios y permisos, virtualización y seguridad informática.', 'd6cde104-7477-4ec4-a2d5-488a779fbfeb', '36cabd1e-c173-495d-94fc-51bfe6df800d');
INSERT INTO public."Modulos" (created_at, nombre, siglas, descripcion, id_modulo, id_ciclo) VALUES ('2025-03-11 12:24:31.301724+00', 'Sistemas de Gestión Empresarial', 'SGE', 'Una introducción al desarrollo y adaptación de soluciones informáticas para la gestión empresarial, incluyendo sistemas ERP y CRM, que optimizan procesos internos de las organizaciones.', '7e9898d4-5623-4e4c-99bb-f0d64b2ddf0f', '5f032c9e-08f1-41de-bc4c-19a3ac2827fe');
INSERT INTO public."Modulos" (created_at, nombre, siglas, descripcion, id_modulo, id_ciclo) VALUES ('2025-03-11 12:24:31.301724+00', 'Programación de Servicios y Procesos', 'PSP', 'Se estudian técnicas para desarrollar servicios y procesos en segundo plano que permitan a las aplicaciones realizar tareas de manera eficiente, garantizando una adecuada gestión de recursos.', '6eda6257-1c5b-4e77-8c8c-64dbeabdba4b', '5f032c9e-08f1-41de-bc4c-19a3ac2827fe');
INSERT INTO public."Modulos" (created_at, nombre, siglas, descripcion, id_modulo, id_ciclo) VALUES ('2025-03-11 12:24:31.301724+00', 'Sistemas informáticos (DAM)', 'SIM', 'Se aprende a instalar, configurar y administrar sistemas operativos en entornos de servidor y cliente. Se abordan conceptos de hardware, redes, gestión de usuarios y permisos, virtualización y seguridad informática.', '13b0ec2f-2c41-4574-baf5-44c113856983', '5f032c9e-08f1-41de-bc4c-19a3ac2827fe');
INSERT INTO public."Modulos" (created_at, nombre, siglas, descripcion, id_modulo, id_ciclo) VALUES ('2025-03-11 12:24:31.301724+00', 'Programación y motores de videojuegos', 'PMV', 'Se centra en el uso de lenguajes de programación y motores gráficos para el desarrollo de videojuegos. Los estudiantes aprenden a implementar funcionalidades, físicas y lógica de juego, optimizando el rendimiento en diferentes plataformas.', '4b93ccc8-e684-4b4f-95d7-6c147c12ff56', 'a906f924-b287-4acf-a170-f743152c2aa3');
INSERT INTO public."Modulos" (created_at, nombre, siglas, descripcion, id_modulo, id_ciclo) VALUES ('2025-03-11 12:24:31.301724+00', 'Diseño, gestión, publicación y producción', 'DGP', 'Este módulo aborda las fases de creación de un videojuego, desde la conceptualización de la idea hasta su implementación. Se estudian aspectos como mecánicas de juego, narrativa, diseño de niveles y experiencia del usuario.', 'a4a00b5e-c0f4-4361-80dd-76cd7d071f5b', 'a906f924-b287-4acf-a170-f743152c2aa3');
INSERT INTO public."Modulos" (created_at, nombre, siglas, descripcion, id_modulo, id_ciclo) VALUES ('2025-03-11 12:24:31.301724+00', 'Diseño gráfico 2D y 3D', 'D23', 'Se enfoca en la creación de modelos tridimensionales y su animación para su uso en videojuegos y aplicaciones de realidad virtual. Los estudiantes aprenden técnicas de modelado, texturizado y rigging.', 'a453dc0e-5a1f-4a88-b6dd-7a0f666ab763', 'a906f924-b287-4acf-a170-f743152c2aa3');
INSERT INTO public."Modulos" (created_at, nombre, siglas, descripcion, id_modulo, id_ciclo) VALUES ('2025-03-11 12:24:31.301724+00', 'Realidad virtual y realidad aumentada', 'RVA', 'Este módulo introduce a las tecnologías de realidad virtual (VR) y realidad aumentada (AR), enseñando a desarrollar aplicaciones inmersivas que integren elementos virtuales en entornos reales o completamente digitales.', '9959ed1a-40b6-48ee-9e19-770ae926853d', 'a906f924-b287-4acf-a170-f743152c2aa3');
INSERT INTO public."Modulos" (created_at, nombre, siglas, descripcion, id_modulo, id_ciclo) VALUES ('2025-03-11 12:24:31.301724+00', 'Programación en red e inteligencia artificial', 'PRI', 'Está diseñado para que los estudiantes adquieran competencias en el desarrollo de aplicaciones que operan en entornos de red y que incorporan técnicas de inteligencia artificial (IA)', '786bbf7d-619f-4715-b423-fde00bbe47dd', 'a906f924-b287-4acf-a170-f743152c2aa3');


--
-- TOC entry 3932 (class 0 OID 17674)
-- Dependencies: 273
-- Data for Name: Practicas; Type: TABLE DATA; Schema: public; Owner: postgres
--

INSERT INTO public."Practicas" (created_at, nombre, numero, enunciado, descripcion, id_tipopractica, unidad, id_practica, id_modulo) VALUES ('2024-12-23 16:55:52.895551+00', 'Práctica 2', '2.01', 'Diseño de una base de datos', 'Práctica intermedia', '2', 'Unidad 2', '4f9fce57-1519-4a3b-a41b-9a8b03aaa350', '0cacc34d-36b1-435b-b51d-318d9c55d21c');
INSERT INTO public."Practicas" (created_at, nombre, numero, enunciado, descripcion, id_tipopractica, unidad, id_practica, id_modulo) VALUES ('2024-12-23 16:55:52.895551+00', 'Práctica 1', '1.01', 'Resolver ejercicios básicos de programación', 'Práctica introductoria', '1', 'Unidad 1', '78cda6f1-29dd-439e-9581-6252226dd457', '0cacc34d-36b1-435b-b51d-318d9c55d21c');
INSERT INTO public."Practicas" (created_at, nombre, numero, enunciado, descripcion, id_tipopractica, unidad, id_practica, id_modulo) VALUES ('2024-12-23 16:55:03.734992+00', 'Práctica 4.01', '4.01', 'Desarrollar una página web interactiva chula', 'Práctica avanzada', '3', 'Unidad 3', '8c05faff-cff6-40ae-a6a9-d0f97fb3168b', '0cacc34d-36b1-435b-b51d-318d9c55d21c');
INSERT INTO public."Practicas" (created_at, nombre, numero, enunciado, descripcion, id_tipopractica, unidad, id_practica, id_modulo) VALUES ('2024-12-23 16:55:52.895551+00', 'Práctica 3', '3.01', 'Desarrollar una página web interactiva', 'Práctica avanzada', '3', 'Unidad 3', 'dab273c3-5f11-4df7-9098-5eec77503741', '0cacc34d-36b1-435b-b51d-318d9c55d21c');
INSERT INTO public."Practicas" (created_at, nombre, numero, enunciado, descripcion, id_tipopractica, unidad, id_practica, id_modulo) VALUES ('2025-05-12 15:31:06.171574+00', 'Práctica 1', '1.02', 'HTML 5.0 rápido', 'Práctica introductoria', '1', 'Unidad 1', '0560b5ff-0990-46c9-8da3-721853080531', '2122f6ea-9294-4e24-87cd-b2e8dbc14e1a');
INSERT INTO public."Practicas" (created_at, nombre, numero, enunciado, descripcion, id_tipopractica, unidad, id_practica, id_modulo) VALUES ('2025-05-12 15:31:06.171574+00', 'Práctica 2', '3.03', 'Composición con Blender', 'Práctica intermedia', '2', 'Unidad 2', '255af85a-79b3-4895-a3f2-666c634e6a6d', 'a453dc0e-5a1f-4a88-b6dd-7a0f666ab763');
INSERT INTO public."Practicas" (created_at, nombre, numero, enunciado, descripcion, id_tipopractica, unidad, id_practica, id_modulo) VALUES ('2025-05-12 15:31:06.171574+00', 'Práctica 3', '2.02', 'Texturas con Blender', 'Práctica avanzada', '3', 'Unidad 3', '2a88b755-5eac-4091-b1ea-ac98086c40cb', 'a453dc0e-5a1f-4a88-b6dd-7a0f666ab763');
INSERT INTO public."Practicas" (created_at, nombre, numero, enunciado, descripcion, id_tipopractica, unidad, id_practica, id_modulo) VALUES ('2025-05-12 15:31:06.171574+00', 'Práctica 2', '2.04', 'Media Quieries en CSS 3.0', 'Práctica intermedia', '2', 'Unidad 2', '36bc742f-7111-46e7-926f-650caac77f44', '2122f6ea-9294-4e24-87cd-b2e8dbc14e1a');
INSERT INTO public."Practicas" (created_at, nombre, numero, enunciado, descripcion, id_tipopractica, unidad, id_practica, id_modulo) VALUES ('2025-05-12 15:31:06.171574+00', 'Práctica 2', '1.02', 'Primeros pasos con Blender', 'Práctica intermedia', '2', 'Unidad 2', '3e040224-2228-476b-ab74-1970f1613ce3', 'a453dc0e-5a1f-4a88-b6dd-7a0f666ab763');
INSERT INTO public."Practicas" (created_at, nombre, numero, enunciado, descripcion, id_tipopractica, unidad, id_practica, id_modulo) VALUES ('2025-05-12 15:31:06.171574+00', 'Práctica 3', '3.01', 'Grease Pencil con Blender', 'Práctica avanzada', '3', 'Unidad 3', '424de016-3e13-42dd-b6aa-3d5bca27aee4', 'a453dc0e-5a1f-4a88-b6dd-7a0f666ab763');
INSERT INTO public."Practicas" (created_at, nombre, numero, enunciado, descripcion, id_tipopractica, unidad, id_practica, id_modulo) VALUES ('2025-05-12 15:31:06.171574+00', 'Práctica 2', '1.01', 'Introducción al diseño 3D', 'Práctica intermedia', '2', 'Unidad 2', '46bbc8a7-08bf-47e7-874f-5d994c9c6cad', 'a453dc0e-5a1f-4a88-b6dd-7a0f666ab763');
INSERT INTO public."Practicas" (created_at, nombre, numero, enunciado, descripcion, id_tipopractica, unidad, id_practica, id_modulo) VALUES ('2025-05-12 15:31:06.171574+00', 'Práctica 2', '2.01', 'Introducción a CSS 3.0', 'Práctica intermedia', '2', 'Unidad 2', '4f0df88c-fa92-41fe-b8c6-5e96bda71579', '2122f6ea-9294-4e24-87cd-b2e8dbc14e1a');
INSERT INTO public."Practicas" (created_at, nombre, numero, enunciado, descripcion, id_tipopractica, unidad, id_practica, id_modulo) VALUES ('2025-05-12 15:31:06.171574+00', 'Práctica 3', '3.01', 'Introducción a la maquetación', 'Práctica avanzada', '3', 'Unidad 3', '6f58595c-b631-4f7e-8be1-86bd9c33a967', '2122f6ea-9294-4e24-87cd-b2e8dbc14e1a');
INSERT INTO public."Practicas" (created_at, nombre, numero, enunciado, descripcion, id_tipopractica, unidad, id_practica, id_modulo) VALUES ('2025-05-12 15:31:06.171574+00', 'Práctica 2', '3.02', 'Precedures con Blender', 'Práctica intermedia', '2', 'Unidad 2', '8436a151-ac7e-444a-8237-07e5ec5a10e2', 'a453dc0e-5a1f-4a88-b6dd-7a0f666ab763');
INSERT INTO public."Practicas" (created_at, nombre, numero, enunciado, descripcion, id_tipopractica, unidad, id_practica, id_modulo) VALUES ('2025-05-12 15:31:06.171574+00', 'Práctica 1', '1.01', 'Introducción al diseño de interfaces', 'Práctica introductoria', '1', 'Unidad 1', '85e9b6bc-f7f7-4f99-81d7-df7cb8b139f1', '2122f6ea-9294-4e24-87cd-b2e8dbc14e1a');
INSERT INTO public."Practicas" (created_at, nombre, numero, enunciado, descripcion, id_tipopractica, unidad, id_practica, id_modulo) VALUES ('2025-05-12 15:31:06.171574+00', 'Práctica 1', '2.01', 'Modelado con Blender', 'Práctica introductoria', '1', 'Unidad 1', '8fa3542a-2225-4ba3-a5e3-1907a9553551', 'a453dc0e-5a1f-4a88-b6dd-7a0f666ab763');
INSERT INTO public."Practicas" (created_at, nombre, numero, enunciado, descripcion, id_tipopractica, unidad, id_practica, id_modulo) VALUES ('2025-05-12 15:31:06.171574+00', 'Práctica 3', '3.02', 'Maquetación avanzada', 'Práctica avanzada', '3', 'Unidad 3', 'bc4d3f14-d969-485b-b665-374e780fc378', '2122f6ea-9294-4e24-87cd-b2e8dbc14e1a');
INSERT INTO public."Practicas" (created_at, nombre, numero, enunciado, descripcion, id_tipopractica, unidad, id_practica, id_modulo) VALUES ('2025-05-12 15:31:06.171574+00', 'Práctica 2', '2.02', 'CSS 3.0 intermedio', 'Práctica intermedia', '2', 'Unidad 2', 'c332d5ea-a589-480d-a839-315bd8a20522', '2122f6ea-9294-4e24-87cd-b2e8dbc14e1a');
INSERT INTO public."Practicas" (created_at, nombre, numero, enunciado, descripcion, id_tipopractica, unidad, id_practica, id_modulo) VALUES ('2025-05-12 15:31:06.171574+00', 'Práctica 2', '2.03', 'Posicionamiento en CSS 3.0', 'Práctica intermedia', '2', 'Unidad 2', 'c98776fe-e0fc-4292-9b33-e687a4cb5214', '2122f6ea-9294-4e24-87cd-b2e8dbc14e1a');
INSERT INTO public."Practicas" (created_at, nombre, numero, enunciado, descripcion, id_tipopractica, unidad, id_practica, id_modulo) VALUES ('2025-05-12 15:31:06.171574+00', 'Práctica 1', '2.03', 'Animaciones con Blender', 'Práctica introductoria', '1', 'Unidad 1', 'f9a91ca9-f61b-47d9-95b5-4e0d4a6efc10', 'a453dc0e-5a1f-4a88-b6dd-7a0f666ab763');
INSERT INTO public."Practicas" (created_at, nombre, numero, enunciado, descripcion, id_tipopractica, unidad, id_practica, id_modulo) VALUES ('2024-12-23 16:55:03.734992+00', 'Práctica 1', '1.02', 'Resolver ejercicios básicos de programación con React', 'Práctica introductoria', '1', 'Unidad 1', 'bef77cbb-4232-474b-8b8a-fa4b5ec980d1', '0cacc34d-36b1-435b-b51d-318d9c55d21c');
INSERT INTO public."Practicas" (created_at, nombre, numero, enunciado, descripcion, id_tipopractica, unidad, id_practica, id_modulo) VALUES ('2024-12-23 16:55:03.734992+00', 'Práctica 2', '2.02', 'Diseño de una base de datos', 'Práctica intermedia', '1', 'Unidad 2', '34aa470d-9603-4c20-9630-18552f737374', '0cacc34d-36b1-435b-b51d-318d9c55d21c');


--
-- TOC entry 3933 (class 0 OID 17686)
-- Dependencies: 274
-- Data for Name: TipoEvaluacion; Type: TABLE DATA; Schema: public; Owner: postgres
--

INSERT INTO public."TipoEvaluacion" (id_tipoevaluacion, created_at, nombre, descripcion) VALUES (1, '2024-12-23 16:57:35.875658+00', 'Parcial', 'Evaluación parcial de contenidos');
INSERT INTO public."TipoEvaluacion" (id_tipoevaluacion, created_at, nombre, descripcion) VALUES (2, '2024-12-23 16:57:35.875658+00', 'Global', 'Evaluación global del módulo');
INSERT INTO public."TipoEvaluacion" (id_tipoevaluacion, created_at, nombre, descripcion) VALUES (3, '2024-12-23 16:57:35.875658+00', 'Extraordinaria', 'Evaluación para recuperación');
INSERT INTO public."TipoEvaluacion" (id_tipoevaluacion, created_at, nombre, descripcion) VALUES (4, '2025-02-13 15:41:43.932251+00', 'Final', 'Evaluación final del módulo');


--
-- TOC entry 3935 (class 0 OID 17695)
-- Dependencies: 276
-- Data for Name: TipoPracticas; Type: TABLE DATA; Schema: public; Owner: postgres
--

INSERT INTO public."TipoPracticas" (id_tipopractica, created_at, nombre, descripcion) VALUES (1, '2024-12-23 16:50:56.799831+00', 'Individual', 'Práctica realizada de forma individual');
INSERT INTO public."TipoPracticas" (id_tipopractica, created_at, nombre, descripcion) VALUES (2, '2024-12-23 16:50:56.799831+00', 'Grupal', 'Práctica realizada en equipo');
INSERT INTO public."TipoPracticas" (id_tipopractica, created_at, nombre, descripcion) VALUES (3, '2024-12-23 16:50:56.799831+00', 'Proyecto', 'Proyecto complejo integrador');
INSERT INTO public."TipoPracticas" (id_tipopractica, created_at, nombre, descripcion) VALUES (4, '2024-12-23 16:58:25.454745+00', 'Individual', 'Práctica realizada de forma individual');
INSERT INTO public."TipoPracticas" (id_tipopractica, created_at, nombre, descripcion) VALUES (5, '2024-12-23 16:58:25.454745+00', 'Grupal', 'Práctica realizada en equipo');
INSERT INTO public."TipoPracticas" (id_tipopractica, created_at, nombre, descripcion) VALUES (6, '2024-12-23 16:58:25.454745+00', 'Proyecto', 'Proyecto complejo integrador');


--
-- TOC entry 3937 (class 0 OID 17704)
-- Dependencies: 278
-- Data for Name: evaluan; Type: TABLE DATA; Schema: public; Owner: postgres
--

INSERT INTO public.evaluan (created_at, peso, id_evaluan, id_practica, id_evaluacion, id_discente, nota) VALUES ('2025-06-19 17:17:40.923144+00', 25, 'ff861116-dd73-4106-8504-1cc799c52f78', '4f9fce57-1519-4a3b-a41b-9a8b03aaa350', 'b8e5b4c2-6ab5-462e-b9e4-7be47dabbfe1', '771943e9-3614-47d3-bc1a-e6bdb675ddc8', 50);
INSERT INTO public.evaluan (created_at, peso, id_evaluan, id_practica, id_evaluacion, id_discente, nota) VALUES ('2025-06-20 10:19:20.503501+00', 100, '58313536-ccea-465e-be0b-33de7dbebac3', '46bbc8a7-08bf-47e7-874f-5d994c9c6cad', '2651f5bf-309e-4622-becb-34f5fa1ae66d', '771943e9-3614-47d3-bc1a-e6bdb675ddc8', 60);
INSERT INTO public.evaluan (created_at, peso, id_evaluan, id_practica, id_evaluacion, id_discente, nota) VALUES ('2025-06-19 17:17:40.923144+00', 25, '268a48aa-7ffb-4e2d-b896-dca5ebbd0096', '4f9fce57-1519-4a3b-a41b-9a8b03aaa350', 'b8e5b4c2-6ab5-462e-b9e4-7be47dabbfe1', '109837f4-f954-4e01-9b33-4016ee36aa6c', NULL);
INSERT INTO public.evaluan (created_at, peso, id_evaluan, id_practica, id_evaluacion, id_discente, nota) VALUES ('2025-06-19 17:17:40.923144+00', 25, '9482f126-2269-4cc1-b6cf-14e62adef012', '4f9fce57-1519-4a3b-a41b-9a8b03aaa350', 'b8e5b4c2-6ab5-462e-b9e4-7be47dabbfe1', '352a5fd1-bac6-43eb-a8e7-53f24d9d04c2', NULL);
INSERT INTO public.evaluan (created_at, peso, id_evaluan, id_practica, id_evaluacion, id_discente, nota) VALUES ('2025-06-19 17:17:40.923144+00', 25, 'b015f487-c7fd-43f0-bcb2-f0f525c5ffbf', '4f9fce57-1519-4a3b-a41b-9a8b03aaa350', 'b8e5b4c2-6ab5-462e-b9e4-7be47dabbfe1', '65b50401-bfdc-4b80-bf4c-f038817cb71a', NULL);
INSERT INTO public.evaluan (created_at, peso, id_evaluan, id_practica, id_evaluacion, id_discente, nota) VALUES ('2025-06-19 17:17:40.923144+00', 25, 'dd4ea3ec-11dd-42c6-aef4-1a4078807ccc', '4f9fce57-1519-4a3b-a41b-9a8b03aaa350', 'b8e5b4c2-6ab5-462e-b9e4-7be47dabbfe1', '65f6e800-af07-447a-a92a-27ea5f6ac33d', NULL);
INSERT INTO public.evaluan (created_at, peso, id_evaluan, id_practica, id_evaluacion, id_discente, nota) VALUES ('2025-06-19 17:17:40.923144+00', 25, '8a63cc0f-32f1-4fd8-8471-797b051d1d0b', '4f9fce57-1519-4a3b-a41b-9a8b03aaa350', 'b8e5b4c2-6ab5-462e-b9e4-7be47dabbfe1', '799756dc-bd28-4ad0-b9e5-604ca2c619c0', NULL);
INSERT INTO public.evaluan (created_at, peso, id_evaluan, id_practica, id_evaluacion, id_discente, nota) VALUES ('2025-06-19 17:17:40.923144+00', 25, 'a6397980-ee11-4962-a769-5a10fcc19d3a', '4f9fce57-1519-4a3b-a41b-9a8b03aaa350', 'b8e5b4c2-6ab5-462e-b9e4-7be47dabbfe1', '7cf1cfca-7699-420a-baaf-8d952d4ee98c', NULL);
INSERT INTO public.evaluan (created_at, peso, id_evaluan, id_practica, id_evaluacion, id_discente, nota) VALUES ('2025-06-19 17:17:40.923144+00', 25, 'f5926ee5-7183-41c7-b9c8-e3a375ae6d52', '4f9fce57-1519-4a3b-a41b-9a8b03aaa350', 'b8e5b4c2-6ab5-462e-b9e4-7be47dabbfe1', '865ad2cc-fb3c-47b1-8ff8-a02f3c449853', NULL);
INSERT INTO public.evaluan (created_at, peso, id_evaluan, id_practica, id_evaluacion, id_discente, nota) VALUES ('2025-06-19 17:17:40.923144+00', 25, '36dc69be-57f3-4a94-b87d-81de339acdf7', '4f9fce57-1519-4a3b-a41b-9a8b03aaa350', 'b8e5b4c2-6ab5-462e-b9e4-7be47dabbfe1', '9d3bc0b6-288b-4dd7-ae30-0f44875f647e', NULL);
INSERT INTO public.evaluan (created_at, peso, id_evaluan, id_practica, id_evaluacion, id_discente, nota) VALUES ('2025-06-19 17:17:40.923144+00', 25, 'dc27e228-5397-4d44-89cb-d0464540232b', '4f9fce57-1519-4a3b-a41b-9a8b03aaa350', 'b8e5b4c2-6ab5-462e-b9e4-7be47dabbfe1', '9fdc796f-d217-48fa-9e43-9dc87dac827d', NULL);
INSERT INTO public.evaluan (created_at, peso, id_evaluan, id_practica, id_evaluacion, id_discente, nota) VALUES ('2025-06-19 17:17:40.923144+00', 25, '3bd94c65-6822-424f-b043-2907c38feb69', '4f9fce57-1519-4a3b-a41b-9a8b03aaa350', 'b8e5b4c2-6ab5-462e-b9e4-7be47dabbfe1', 'c55fc30c-b6b4-43b1-87a7-ea6b77adc8b6', NULL);
INSERT INTO public.evaluan (created_at, peso, id_evaluan, id_practica, id_evaluacion, id_discente, nota) VALUES ('2025-06-19 17:17:40.923144+00', 25, '5a15736f-dcb4-4ae9-b987-00bad50f98d7', '4f9fce57-1519-4a3b-a41b-9a8b03aaa350', 'b8e5b4c2-6ab5-462e-b9e4-7be47dabbfe1', 'e50e69df-421b-41a0-89d9-f3491ec99af8', NULL);
INSERT INTO public.evaluan (created_at, peso, id_evaluan, id_practica, id_evaluacion, id_discente, nota) VALUES ('2025-06-19 16:08:21.648025+00', 20, '8ccff5ee-51f2-4a40-92bc-4f114e439de7', '78cda6f1-29dd-439e-9581-6252226dd457', 'b8e5b4c2-6ab5-462e-b9e4-7be47dabbfe1', '109837f4-f954-4e01-9b33-4016ee36aa6c', NULL);
INSERT INTO public.evaluan (created_at, peso, id_evaluan, id_practica, id_evaluacion, id_discente, nota) VALUES ('2025-06-19 16:08:21.648025+00', 20, '4d7739e2-882c-4ff2-b0cf-5b1ac76e0655', '78cda6f1-29dd-439e-9581-6252226dd457', 'b8e5b4c2-6ab5-462e-b9e4-7be47dabbfe1', '352a5fd1-bac6-43eb-a8e7-53f24d9d04c2', NULL);
INSERT INTO public.evaluan (created_at, peso, id_evaluan, id_practica, id_evaluacion, id_discente, nota) VALUES ('2025-06-19 16:08:21.648025+00', 20, '471219c9-8194-49f8-a021-76b2a310d547', '78cda6f1-29dd-439e-9581-6252226dd457', 'b8e5b4c2-6ab5-462e-b9e4-7be47dabbfe1', '65b50401-bfdc-4b80-bf4c-f038817cb71a', NULL);
INSERT INTO public.evaluan (created_at, peso, id_evaluan, id_practica, id_evaluacion, id_discente, nota) VALUES ('2025-06-19 16:08:21.648025+00', 20, '8ff107fc-71eb-4ced-8a00-fd679a61f52f', '78cda6f1-29dd-439e-9581-6252226dd457', 'b8e5b4c2-6ab5-462e-b9e4-7be47dabbfe1', '65f6e800-af07-447a-a92a-27ea5f6ac33d', NULL);
INSERT INTO public.evaluan (created_at, peso, id_evaluan, id_practica, id_evaluacion, id_discente, nota) VALUES ('2025-06-19 16:08:21.648025+00', 20, '2f8a1a60-4c26-47c7-8eab-d3aee1e9cb0a', '78cda6f1-29dd-439e-9581-6252226dd457', 'b8e5b4c2-6ab5-462e-b9e4-7be47dabbfe1', '799756dc-bd28-4ad0-b9e5-604ca2c619c0', NULL);
INSERT INTO public.evaluan (created_at, peso, id_evaluan, id_practica, id_evaluacion, id_discente, nota) VALUES ('2025-06-19 16:08:21.648025+00', 20, '005684bf-8f2d-428f-9c21-ee025f485625', '78cda6f1-29dd-439e-9581-6252226dd457', 'b8e5b4c2-6ab5-462e-b9e4-7be47dabbfe1', '7cf1cfca-7699-420a-baaf-8d952d4ee98c', NULL);
INSERT INTO public.evaluan (created_at, peso, id_evaluan, id_practica, id_evaluacion, id_discente, nota) VALUES ('2025-06-19 16:08:21.648025+00', 20, '7b0714b3-479b-4b70-911e-9d6c26398f5c', '78cda6f1-29dd-439e-9581-6252226dd457', 'b8e5b4c2-6ab5-462e-b9e4-7be47dabbfe1', '865ad2cc-fb3c-47b1-8ff8-a02f3c449853', NULL);
INSERT INTO public.evaluan (created_at, peso, id_evaluan, id_practica, id_evaluacion, id_discente, nota) VALUES ('2025-06-19 16:08:21.648025+00', 20, '080c6d5a-7d5f-4109-8e39-50df0b06db89', '78cda6f1-29dd-439e-9581-6252226dd457', 'b8e5b4c2-6ab5-462e-b9e4-7be47dabbfe1', '9d3bc0b6-288b-4dd7-ae30-0f44875f647e', NULL);
INSERT INTO public.evaluan (created_at, peso, id_evaluan, id_practica, id_evaluacion, id_discente, nota) VALUES ('2025-06-19 16:08:21.648025+00', 20, 'bc7dedc0-88a4-48dd-809b-d9672c424adf', '78cda6f1-29dd-439e-9581-6252226dd457', 'b8e5b4c2-6ab5-462e-b9e4-7be47dabbfe1', '9fdc796f-d217-48fa-9e43-9dc87dac827d', NULL);
INSERT INTO public.evaluan (created_at, peso, id_evaluan, id_practica, id_evaluacion, id_discente, nota) VALUES ('2025-06-20 10:19:20.503501+00', 100, 'af037381-a23b-495b-b712-244463866f3e', '46bbc8a7-08bf-47e7-874f-5d994c9c6cad', '2651f5bf-309e-4622-becb-34f5fa1ae66d', '352a5fd1-bac6-43eb-a8e7-53f24d9d04c2', 100);
INSERT INTO public.evaluan (created_at, peso, id_evaluan, id_practica, id_evaluacion, id_discente, nota) VALUES ('2025-06-20 10:19:20.503501+00', 100, 'd3fe7dab-ab6a-478a-a724-e6abd72af4eb', '46bbc8a7-08bf-47e7-874f-5d994c9c6cad', '2651f5bf-309e-4622-becb-34f5fa1ae66d', '65f6e800-af07-447a-a92a-27ea5f6ac33d', NULL);
INSERT INTO public.evaluan (created_at, peso, id_evaluan, id_practica, id_evaluacion, id_discente, nota) VALUES ('2025-06-20 10:19:20.503501+00', 100, '99920b4c-ae67-4312-9c1d-0cb0a285c045', '46bbc8a7-08bf-47e7-874f-5d994c9c6cad', '2651f5bf-309e-4622-becb-34f5fa1ae66d', '65b50401-bfdc-4b80-bf4c-f038817cb71a', NULL);
INSERT INTO public.evaluan (created_at, peso, id_evaluan, id_practica, id_evaluacion, id_discente, nota) VALUES ('2025-06-20 08:57:04.195336+00', 40, '4f4e6a41-4509-4a7e-ba38-e9f4564b4b68', '6f58595c-b631-4f7e-8be1-86bd9c33a967', '9d4e4edc-6802-4ad9-b37d-b8853d2fcee9', '9fdc796f-d217-48fa-9e43-9dc87dac827d', NULL);
INSERT INTO public.evaluan (created_at, peso, id_evaluan, id_practica, id_evaluacion, id_discente, nota) VALUES ('2025-06-20 08:57:04.195336+00', 40, '78bf668d-8684-415e-a290-345d9c77e5e7', '6f58595c-b631-4f7e-8be1-86bd9c33a967', '9d4e4edc-6802-4ad9-b37d-b8853d2fcee9', 'c55fc30c-b6b4-43b1-87a7-ea6b77adc8b6', NULL);
INSERT INTO public.evaluan (created_at, peso, id_evaluan, id_practica, id_evaluacion, id_discente, nota) VALUES ('2025-06-20 08:57:04.195336+00', 40, 'b24dd162-3201-4741-81dd-50df831d5014', '6f58595c-b631-4f7e-8be1-86bd9c33a967', '9d4e4edc-6802-4ad9-b37d-b8853d2fcee9', 'e50e69df-421b-41a0-89d9-f3491ec99af8', NULL);
INSERT INTO public.evaluan (created_at, peso, id_evaluan, id_practica, id_evaluacion, id_discente, nota) VALUES ('2025-06-20 08:57:04.195336+00', 40, 'f7f3e161-b90a-4f13-b18a-874b7ff3ccbd', '6f58595c-b631-4f7e-8be1-86bd9c33a967', '9d4e4edc-6802-4ad9-b37d-b8853d2fcee9', '771943e9-3614-47d3-bc1a-e6bdb675ddc8', 90);
INSERT INTO public.evaluan (created_at, peso, id_evaluan, id_practica, id_evaluacion, id_discente, nota) VALUES ('2025-06-30 17:03:29.932379+00', 100, '07312dbb-cea3-43ef-b0ee-698fd7d9156d', '46bbc8a7-08bf-47e7-874f-5d994c9c6cad', '2651f5bf-309e-4622-becb-34f5fa1ae66d', 'f114a27d-5f48-456f-a915-32226f319a35', NULL);
INSERT INTO public.evaluan (created_at, peso, id_evaluan, id_practica, id_evaluacion, id_discente, nota) VALUES ('2025-06-19 16:08:22.631855+00', 15, 'c64f1381-d72e-42eb-9809-12c47e0d668e', 'bef77cbb-4232-474b-8b8a-fa4b5ec980d1', 'b8e5b4c2-6ab5-462e-b9e4-7be47dabbfe1', '109837f4-f954-4e01-9b33-4016ee36aa6c', NULL);
INSERT INTO public.evaluan (created_at, peso, id_evaluan, id_practica, id_evaluacion, id_discente, nota) VALUES ('2025-06-19 16:08:22.631855+00', 15, '953a1171-eecd-4f5a-9376-070879aac2c4', 'bef77cbb-4232-474b-8b8a-fa4b5ec980d1', 'b8e5b4c2-6ab5-462e-b9e4-7be47dabbfe1', '352a5fd1-bac6-43eb-a8e7-53f24d9d04c2', NULL);
INSERT INTO public.evaluan (created_at, peso, id_evaluan, id_practica, id_evaluacion, id_discente, nota) VALUES ('2025-06-19 16:08:22.631855+00', 15, 'dea329e3-2101-4c30-8505-4e23368d04b5', 'bef77cbb-4232-474b-8b8a-fa4b5ec980d1', 'b8e5b4c2-6ab5-462e-b9e4-7be47dabbfe1', '65b50401-bfdc-4b80-bf4c-f038817cb71a', NULL);
INSERT INTO public.evaluan (created_at, peso, id_evaluan, id_practica, id_evaluacion, id_discente, nota) VALUES ('2025-06-19 16:08:22.631855+00', 15, 'f3f801a8-d82f-4dab-a8e7-c1f9150c79b5', 'bef77cbb-4232-474b-8b8a-fa4b5ec980d1', 'b8e5b4c2-6ab5-462e-b9e4-7be47dabbfe1', '65f6e800-af07-447a-a92a-27ea5f6ac33d', NULL);
INSERT INTO public.evaluan (created_at, peso, id_evaluan, id_practica, id_evaluacion, id_discente, nota) VALUES ('2025-06-19 16:08:22.631855+00', 15, '83ccd8dc-4221-4470-9be9-9cf0ae84f3af', 'bef77cbb-4232-474b-8b8a-fa4b5ec980d1', 'b8e5b4c2-6ab5-462e-b9e4-7be47dabbfe1', '799756dc-bd28-4ad0-b9e5-604ca2c619c0', NULL);
INSERT INTO public.evaluan (created_at, peso, id_evaluan, id_practica, id_evaluacion, id_discente, nota) VALUES ('2025-06-19 16:08:22.631855+00', 15, '0353520c-97c7-493d-ae38-5d1e08f09bfb', 'bef77cbb-4232-474b-8b8a-fa4b5ec980d1', 'b8e5b4c2-6ab5-462e-b9e4-7be47dabbfe1', '7cf1cfca-7699-420a-baaf-8d952d4ee98c', NULL);
INSERT INTO public.evaluan (created_at, peso, id_evaluan, id_practica, id_evaluacion, id_discente, nota) VALUES ('2025-06-19 16:08:22.631855+00', 15, 'a7b7ca5f-b807-4606-8b95-f0529e79089b', 'bef77cbb-4232-474b-8b8a-fa4b5ec980d1', 'b8e5b4c2-6ab5-462e-b9e4-7be47dabbfe1', '865ad2cc-fb3c-47b1-8ff8-a02f3c449853', NULL);
INSERT INTO public.evaluan (created_at, peso, id_evaluan, id_practica, id_evaluacion, id_discente, nota) VALUES ('2025-06-19 16:08:22.631855+00', 15, '3cf7698c-375b-4f37-adf2-cc239d67380a', 'bef77cbb-4232-474b-8b8a-fa4b5ec980d1', 'b8e5b4c2-6ab5-462e-b9e4-7be47dabbfe1', '9d3bc0b6-288b-4dd7-ae30-0f44875f647e', NULL);
INSERT INTO public.evaluan (created_at, peso, id_evaluan, id_practica, id_evaluacion, id_discente, nota) VALUES ('2025-06-20 10:22:21.276432+00', 40, '2b5e1816-b902-4f64-ba96-5a3e40a85321', '34aa470d-9603-4c20-9630-18552f737374', 'b8e5b4c2-6ab5-462e-b9e4-7be47dabbfe1', '109837f4-f954-4e01-9b33-4016ee36aa6c', NULL);
INSERT INTO public.evaluan (created_at, peso, id_evaluan, id_practica, id_evaluacion, id_discente, nota) VALUES ('2025-06-20 10:22:21.276432+00', 40, '8a1f4718-45bd-4808-a9a1-15a06dbd91fe', '34aa470d-9603-4c20-9630-18552f737374', 'b8e5b4c2-6ab5-462e-b9e4-7be47dabbfe1', '352a5fd1-bac6-43eb-a8e7-53f24d9d04c2', NULL);
INSERT INTO public.evaluan (created_at, peso, id_evaluan, id_practica, id_evaluacion, id_discente, nota) VALUES ('2025-06-20 10:22:21.276432+00', 40, 'a02a6d51-a8b4-4e30-aac1-2922349449e9', '34aa470d-9603-4c20-9630-18552f737374', 'b8e5b4c2-6ab5-462e-b9e4-7be47dabbfe1', '65b50401-bfdc-4b80-bf4c-f038817cb71a', NULL);
INSERT INTO public.evaluan (created_at, peso, id_evaluan, id_practica, id_evaluacion, id_discente, nota) VALUES ('2025-06-19 16:08:21.648025+00', 20, 'd4f90a63-0954-4270-b8a1-0748e070422c', '78cda6f1-29dd-439e-9581-6252226dd457', 'b8e5b4c2-6ab5-462e-b9e4-7be47dabbfe1', 'c55fc30c-b6b4-43b1-87a7-ea6b77adc8b6', NULL);
INSERT INTO public.evaluan (created_at, peso, id_evaluan, id_practica, id_evaluacion, id_discente, nota) VALUES ('2025-06-20 08:57:04.195336+00', 40, '2915d13e-8324-4f79-a7f4-16974db4ece7', '6f58595c-b631-4f7e-8be1-86bd9c33a967', '9d4e4edc-6802-4ad9-b37d-b8853d2fcee9', '352a5fd1-bac6-43eb-a8e7-53f24d9d04c2', 50);
INSERT INTO public.evaluan (created_at, peso, id_evaluan, id_practica, id_evaluacion, id_discente, nota) VALUES ('2025-06-30 17:23:42.4154+00', NULL, '3040cc2c-ad76-49fd-b4dd-f71775ce3476', '8436a151-ac7e-444a-8237-07e5ec5a10e2', '2651f5bf-309e-4622-becb-34f5fa1ae66d', '771943e9-3614-47d3-bc1a-e6bdb675ddc8', NULL);
INSERT INTO public.evaluan (created_at, peso, id_evaluan, id_practica, id_evaluacion, id_discente, nota) VALUES ('2025-06-30 17:23:42.4154+00', NULL, 'd27d495d-31a8-42b0-bf4b-0d23853502f0', '8436a151-ac7e-444a-8237-07e5ec5a10e2', '2651f5bf-309e-4622-becb-34f5fa1ae66d', '65f6e800-af07-447a-a92a-27ea5f6ac33d', NULL);
INSERT INTO public.evaluan (created_at, peso, id_evaluan, id_practica, id_evaluacion, id_discente, nota) VALUES ('2025-06-30 17:23:42.4154+00', NULL, '21aedcd8-ae34-4985-a82e-3b1355d9f664', '8436a151-ac7e-444a-8237-07e5ec5a10e2', '2651f5bf-309e-4622-becb-34f5fa1ae66d', '65b50401-bfdc-4b80-bf4c-f038817cb71a', NULL);
INSERT INTO public.evaluan (created_at, peso, id_evaluan, id_practica, id_evaluacion, id_discente, nota) VALUES ('2025-06-30 17:23:42.4154+00', NULL, 'b51407e7-8997-44c2-9778-eec6471e4fba', '8436a151-ac7e-444a-8237-07e5ec5a10e2', '2651f5bf-309e-4622-becb-34f5fa1ae66d', '352a5fd1-bac6-43eb-a8e7-53f24d9d04c2', NULL);
INSERT INTO public.evaluan (created_at, peso, id_evaluan, id_practica, id_evaluacion, id_discente, nota) VALUES ('2025-06-30 17:23:42.4154+00', NULL, '6c83bbf8-65ac-4ba5-9242-4f7e5181510b', '8436a151-ac7e-444a-8237-07e5ec5a10e2', '2651f5bf-309e-4622-becb-34f5fa1ae66d', 'f114a27d-5f48-456f-a915-32226f319a35', NULL);
INSERT INTO public.evaluan (created_at, peso, id_evaluan, id_practica, id_evaluacion, id_discente, nota) VALUES ('2025-06-20 10:22:21.276432+00', 40, '2ada6934-4668-456c-a645-204af9a548c3', '34aa470d-9603-4c20-9630-18552f737374', 'b8e5b4c2-6ab5-462e-b9e4-7be47dabbfe1', '65f6e800-af07-447a-a92a-27ea5f6ac33d', NULL);
INSERT INTO public.evaluan (created_at, peso, id_evaluan, id_practica, id_evaluacion, id_discente, nota) VALUES ('2025-06-19 16:08:22.631855+00', 15, '71028cae-c9ed-4d24-8e9e-bfb3ebe405b4', 'bef77cbb-4232-474b-8b8a-fa4b5ec980d1', 'b8e5b4c2-6ab5-462e-b9e4-7be47dabbfe1', '9fdc796f-d217-48fa-9e43-9dc87dac827d', NULL);
INSERT INTO public.evaluan (created_at, peso, id_evaluan, id_practica, id_evaluacion, id_discente, nota) VALUES ('2025-06-19 16:08:22.631855+00', 15, 'd5c5512c-62e6-45c4-828c-2f6a4efbd475', 'bef77cbb-4232-474b-8b8a-fa4b5ec980d1', 'b8e5b4c2-6ab5-462e-b9e4-7be47dabbfe1', 'c55fc30c-b6b4-43b1-87a7-ea6b77adc8b6', NULL);
INSERT INTO public.evaluan (created_at, peso, id_evaluan, id_practica, id_evaluacion, id_discente, nota) VALUES ('2025-06-19 16:08:22.631855+00', 15, '37ee39d9-5e03-47c6-a1b9-2087d4ee81bf', 'bef77cbb-4232-474b-8b8a-fa4b5ec980d1', 'b8e5b4c2-6ab5-462e-b9e4-7be47dabbfe1', 'e50e69df-421b-41a0-89d9-f3491ec99af8', NULL);
INSERT INTO public.evaluan (created_at, peso, id_evaluan, id_practica, id_evaluacion, id_discente, nota) VALUES ('2025-06-19 16:08:22.631855+00', 15, '424846be-2824-454f-b052-d17d5de9192d', 'bef77cbb-4232-474b-8b8a-fa4b5ec980d1', 'b8e5b4c2-6ab5-462e-b9e4-7be47dabbfe1', '771943e9-3614-47d3-bc1a-e6bdb675ddc8', 30);
INSERT INTO public.evaluan (created_at, peso, id_evaluan, id_practica, id_evaluacion, id_discente, nota) VALUES ('2025-06-20 10:22:21.276432+00', 40, '521d6fb3-75a0-4ac2-ba5a-a9436b921615', '34aa470d-9603-4c20-9630-18552f737374', 'b8e5b4c2-6ab5-462e-b9e4-7be47dabbfe1', '799756dc-bd28-4ad0-b9e5-604ca2c619c0', NULL);
INSERT INTO public.evaluan (created_at, peso, id_evaluan, id_practica, id_evaluacion, id_discente, nota) VALUES ('2025-06-20 10:22:21.276432+00', 40, '49b5897c-719f-4f8c-b258-17441a6c10d6', '34aa470d-9603-4c20-9630-18552f737374', 'b8e5b4c2-6ab5-462e-b9e4-7be47dabbfe1', '7cf1cfca-7699-420a-baaf-8d952d4ee98c', NULL);
INSERT INTO public.evaluan (created_at, peso, id_evaluan, id_practica, id_evaluacion, id_discente, nota) VALUES ('2025-06-20 10:22:21.276432+00', 40, '9bcd4557-2f4f-4f61-afb4-21dfe2e4a0ad', '34aa470d-9603-4c20-9630-18552f737374', 'b8e5b4c2-6ab5-462e-b9e4-7be47dabbfe1', '865ad2cc-fb3c-47b1-8ff8-a02f3c449853', NULL);
INSERT INTO public.evaluan (created_at, peso, id_evaluan, id_practica, id_evaluacion, id_discente, nota) VALUES ('2025-06-20 10:22:21.276432+00', 40, 'c52abf2f-8012-4954-9e16-c097abaf34a8', '34aa470d-9603-4c20-9630-18552f737374', 'b8e5b4c2-6ab5-462e-b9e4-7be47dabbfe1', '9d3bc0b6-288b-4dd7-ae30-0f44875f647e', NULL);
INSERT INTO public.evaluan (created_at, peso, id_evaluan, id_practica, id_evaluacion, id_discente, nota) VALUES ('2025-06-20 10:22:21.276432+00', 40, '79664047-0586-496b-9dde-9992bda77d8d', '34aa470d-9603-4c20-9630-18552f737374', 'b8e5b4c2-6ab5-462e-b9e4-7be47dabbfe1', '9fdc796f-d217-48fa-9e43-9dc87dac827d', NULL);
INSERT INTO public.evaluan (created_at, peso, id_evaluan, id_practica, id_evaluacion, id_discente, nota) VALUES ('2025-06-20 10:22:21.276432+00', 40, '35e5f0f6-e5c5-4ad1-966a-5f54d7c2e6b1', '34aa470d-9603-4c20-9630-18552f737374', 'b8e5b4c2-6ab5-462e-b9e4-7be47dabbfe1', 'c55fc30c-b6b4-43b1-87a7-ea6b77adc8b6', NULL);
INSERT INTO public.evaluan (created_at, peso, id_evaluan, id_practica, id_evaluacion, id_discente, nota) VALUES ('2025-06-20 10:22:21.276432+00', 40, 'f1f488d3-1ffe-486e-9c43-fd09791da901', '34aa470d-9603-4c20-9630-18552f737374', 'b8e5b4c2-6ab5-462e-b9e4-7be47dabbfe1', 'e50e69df-421b-41a0-89d9-f3491ec99af8', NULL);
INSERT INTO public.evaluan (created_at, peso, id_evaluan, id_practica, id_evaluacion, id_discente, nota) VALUES ('2025-06-20 10:22:21.276432+00', 40, '680a2267-85ed-44ce-8437-1774fe95a9dd', '34aa470d-9603-4c20-9630-18552f737374', 'b8e5b4c2-6ab5-462e-b9e4-7be47dabbfe1', '771943e9-3614-47d3-bc1a-e6bdb675ddc8', 80);
INSERT INTO public.evaluan (created_at, peso, id_evaluan, id_practica, id_evaluacion, id_discente, nota) VALUES ('2025-06-19 16:08:21.648025+00', 20, '7092c198-37eb-4216-9e24-b30ebc2f1ae9', '78cda6f1-29dd-439e-9581-6252226dd457', 'b8e5b4c2-6ab5-462e-b9e4-7be47dabbfe1', 'e50e69df-421b-41a0-89d9-f3491ec99af8', NULL);
INSERT INTO public.evaluan (created_at, peso, id_evaluan, id_practica, id_evaluacion, id_discente, nota) VALUES ('2025-06-19 16:08:21.648025+00', 20, '2b65fed9-2055-4e58-903f-38775d5db96d', '78cda6f1-29dd-439e-9581-6252226dd457', 'b8e5b4c2-6ab5-462e-b9e4-7be47dabbfe1', '771943e9-3614-47d3-bc1a-e6bdb675ddc8', 70);
INSERT INTO public.evaluan (created_at, peso, id_evaluan, id_practica, id_evaluacion, id_discente, nota) VALUES ('2025-06-20 08:57:10.935345+00', 60, 'bd22df62-743e-4165-bd65-d4e7edb23dd0', 'bc4d3f14-d969-485b-b665-374e780fc378', '9d4e4edc-6802-4ad9-b37d-b8853d2fcee9', '109837f4-f954-4e01-9b33-4016ee36aa6c', NULL);
INSERT INTO public.evaluan (created_at, peso, id_evaluan, id_practica, id_evaluacion, id_discente, nota) VALUES ('2025-06-20 08:57:10.935345+00', 60, '4779b5a2-cb29-4e30-8697-bea8468cd937', 'bc4d3f14-d969-485b-b665-374e780fc378', '9d4e4edc-6802-4ad9-b37d-b8853d2fcee9', '352a5fd1-bac6-43eb-a8e7-53f24d9d04c2', NULL);
INSERT INTO public.evaluan (created_at, peso, id_evaluan, id_practica, id_evaluacion, id_discente, nota) VALUES ('2025-06-20 08:57:10.935345+00', 60, '74256596-4793-4188-b486-984d7ff942be', 'bc4d3f14-d969-485b-b665-374e780fc378', '9d4e4edc-6802-4ad9-b37d-b8853d2fcee9', '65b50401-bfdc-4b80-bf4c-f038817cb71a', NULL);
INSERT INTO public.evaluan (created_at, peso, id_evaluan, id_practica, id_evaluacion, id_discente, nota) VALUES ('2025-06-20 08:57:10.935345+00', 60, '68876416-421f-4822-961c-3668c6a2c9a3', 'bc4d3f14-d969-485b-b665-374e780fc378', '9d4e4edc-6802-4ad9-b37d-b8853d2fcee9', '65f6e800-af07-447a-a92a-27ea5f6ac33d', NULL);
INSERT INTO public.evaluan (created_at, peso, id_evaluan, id_practica, id_evaluacion, id_discente, nota) VALUES ('2025-06-20 08:57:10.935345+00', 60, 'ac96ca79-2d82-4512-b2d4-c637f879982f', 'bc4d3f14-d969-485b-b665-374e780fc378', '9d4e4edc-6802-4ad9-b37d-b8853d2fcee9', '799756dc-bd28-4ad0-b9e5-604ca2c619c0', NULL);
INSERT INTO public.evaluan (created_at, peso, id_evaluan, id_practica, id_evaluacion, id_discente, nota) VALUES ('2025-06-20 08:57:10.935345+00', 60, '5e761e02-8b95-4264-8e91-6d5fc736c060', 'bc4d3f14-d969-485b-b665-374e780fc378', '9d4e4edc-6802-4ad9-b37d-b8853d2fcee9', '7cf1cfca-7699-420a-baaf-8d952d4ee98c', NULL);
INSERT INTO public.evaluan (created_at, peso, id_evaluan, id_practica, id_evaluacion, id_discente, nota) VALUES ('2025-06-20 08:57:10.935345+00', 60, '2d016ec3-99be-4c35-bac1-7a07c5a7bb6e', 'bc4d3f14-d969-485b-b665-374e780fc378', '9d4e4edc-6802-4ad9-b37d-b8853d2fcee9', '865ad2cc-fb3c-47b1-8ff8-a02f3c449853', NULL);
INSERT INTO public.evaluan (created_at, peso, id_evaluan, id_practica, id_evaluacion, id_discente, nota) VALUES ('2025-06-20 08:57:10.935345+00', 60, '1b42c914-60cf-4a07-891f-74c2c2b276b2', 'bc4d3f14-d969-485b-b665-374e780fc378', '9d4e4edc-6802-4ad9-b37d-b8853d2fcee9', '9d3bc0b6-288b-4dd7-ae30-0f44875f647e', NULL);
INSERT INTO public.evaluan (created_at, peso, id_evaluan, id_practica, id_evaluacion, id_discente, nota) VALUES ('2025-06-20 08:57:10.935345+00', 60, 'a028f536-14b1-4649-b901-05ee15f63818', 'bc4d3f14-d969-485b-b665-374e780fc378', '9d4e4edc-6802-4ad9-b37d-b8853d2fcee9', '9fdc796f-d217-48fa-9e43-9dc87dac827d', NULL);
INSERT INTO public.evaluan (created_at, peso, id_evaluan, id_practica, id_evaluacion, id_discente, nota) VALUES ('2025-06-20 08:57:10.935345+00', 60, '575dbfe7-718b-4368-94ac-342a8b430875', 'bc4d3f14-d969-485b-b665-374e780fc378', '9d4e4edc-6802-4ad9-b37d-b8853d2fcee9', 'c55fc30c-b6b4-43b1-87a7-ea6b77adc8b6', NULL);
INSERT INTO public.evaluan (created_at, peso, id_evaluan, id_practica, id_evaluacion, id_discente, nota) VALUES ('2025-06-20 08:57:10.935345+00', 60, 'f17b73c4-eee6-46ce-86ee-0f1d1d7d95e6', 'bc4d3f14-d969-485b-b665-374e780fc378', '9d4e4edc-6802-4ad9-b37d-b8853d2fcee9', 'e50e69df-421b-41a0-89d9-f3491ec99af8', NULL);
INSERT INTO public.evaluan (created_at, peso, id_evaluan, id_practica, id_evaluacion, id_discente, nota) VALUES ('2025-06-20 08:57:10.935345+00', 60, '31528453-0348-49f7-8448-ff9860d17518', 'bc4d3f14-d969-485b-b665-374e780fc378', '9d4e4edc-6802-4ad9-b37d-b8853d2fcee9', '771943e9-3614-47d3-bc1a-e6bdb675ddc8', 30);
INSERT INTO public.evaluan (created_at, peso, id_evaluan, id_practica, id_evaluacion, id_discente, nota) VALUES ('2025-06-20 08:57:04.195336+00', 40, '0d859c0d-29c4-43e5-9300-3af698c459d0', '6f58595c-b631-4f7e-8be1-86bd9c33a967', '9d4e4edc-6802-4ad9-b37d-b8853d2fcee9', '109837f4-f954-4e01-9b33-4016ee36aa6c', NULL);
INSERT INTO public.evaluan (created_at, peso, id_evaluan, id_practica, id_evaluacion, id_discente, nota) VALUES ('2025-06-20 08:57:04.195336+00', 40, '417b8511-a740-4350-adf8-59cd2109ee99', '6f58595c-b631-4f7e-8be1-86bd9c33a967', '9d4e4edc-6802-4ad9-b37d-b8853d2fcee9', '65b50401-bfdc-4b80-bf4c-f038817cb71a', NULL);
INSERT INTO public.evaluan (created_at, peso, id_evaluan, id_practica, id_evaluacion, id_discente, nota) VALUES ('2025-06-20 08:57:04.195336+00', 40, 'bac55a93-3c7b-41fc-a49d-9cfd4ad771d8', '6f58595c-b631-4f7e-8be1-86bd9c33a967', '9d4e4edc-6802-4ad9-b37d-b8853d2fcee9', '65f6e800-af07-447a-a92a-27ea5f6ac33d', NULL);
INSERT INTO public.evaluan (created_at, peso, id_evaluan, id_practica, id_evaluacion, id_discente, nota) VALUES ('2025-06-20 08:57:04.195336+00', 40, '0f2c3af9-5572-4073-90d7-51045c3fa57a', '6f58595c-b631-4f7e-8be1-86bd9c33a967', '9d4e4edc-6802-4ad9-b37d-b8853d2fcee9', '799756dc-bd28-4ad0-b9e5-604ca2c619c0', NULL);
INSERT INTO public.evaluan (created_at, peso, id_evaluan, id_practica, id_evaluacion, id_discente, nota) VALUES ('2025-06-20 08:57:04.195336+00', 40, 'bde4e963-2f2d-472f-86a4-f258dc15c914', '6f58595c-b631-4f7e-8be1-86bd9c33a967', '9d4e4edc-6802-4ad9-b37d-b8853d2fcee9', '7cf1cfca-7699-420a-baaf-8d952d4ee98c', NULL);
INSERT INTO public.evaluan (created_at, peso, id_evaluan, id_practica, id_evaluacion, id_discente, nota) VALUES ('2025-06-20 08:57:04.195336+00', 40, '5a5a6531-6e4a-4f7e-a9be-3579cacffb7b', '6f58595c-b631-4f7e-8be1-86bd9c33a967', '9d4e4edc-6802-4ad9-b37d-b8853d2fcee9', '865ad2cc-fb3c-47b1-8ff8-a02f3c449853', NULL);
INSERT INTO public.evaluan (created_at, peso, id_evaluan, id_practica, id_evaluacion, id_discente, nota) VALUES ('2025-06-20 08:57:04.195336+00', 40, 'e796bd1b-878e-4f06-9b4e-a8db4ad91cac', '6f58595c-b631-4f7e-8be1-86bd9c33a967', '9d4e4edc-6802-4ad9-b37d-b8853d2fcee9', '9d3bc0b6-288b-4dd7-ae30-0f44875f647e', NULL);


--
-- TOC entry 3938 (class 0 OID 17709)
-- Dependencies: 279
-- Data for Name: imparte; Type: TABLE DATA; Schema: public; Owner: postgres
--

INSERT INTO public.imparte (created_at, notas, id_imparte, id_curso, id_modulo, id_discente) VALUES ('2025-06-20 09:29:04.994353+00', NULL, '033893e9-d8e4-4717-8cbe-aead678820a6', '256d7f00-0efe-47d0-86c1-65dcb8cc58fa', 'a4a00b5e-c0f4-4361-80dd-76cd7d071f5b', '771943e9-3614-47d3-bc1a-e6bdb675ddc8');
INSERT INTO public.imparte (created_at, notas, id_imparte, id_curso, id_modulo, id_discente) VALUES ('2025-06-20 09:29:04.994353+00', NULL, '5ca2c3cb-a389-42ab-9c95-b1d3c134652b', '256d7f00-0efe-47d0-86c1-65dcb8cc58fa', 'a4a00b5e-c0f4-4361-80dd-76cd7d071f5b', '65f6e800-af07-447a-a92a-27ea5f6ac33d');
INSERT INTO public.imparte (created_at, notas, id_imparte, id_curso, id_modulo, id_discente) VALUES ('2025-06-20 09:29:04.994353+00', NULL, 'e4b8b902-4015-49ed-b3ed-b7c2ee4a93b4', '256d7f00-0efe-47d0-86c1-65dcb8cc58fa', 'a4a00b5e-c0f4-4361-80dd-76cd7d071f5b', '65b50401-bfdc-4b80-bf4c-f038817cb71a');
INSERT INTO public.imparte (created_at, notas, id_imparte, id_curso, id_modulo, id_discente) VALUES ('2025-06-20 09:29:04.994353+00', NULL, '7a638377-112a-49da-af92-10a6c5293e47', '256d7f00-0efe-47d0-86c1-65dcb8cc58fa', 'a4a00b5e-c0f4-4361-80dd-76cd7d071f5b', '352a5fd1-bac6-43eb-a8e7-53f24d9d04c2');
INSERT INTO public.imparte (created_at, notas, id_imparte, id_curso, id_modulo, id_discente) VALUES ('2025-06-30 17:03:29.846713+00', NULL, 'fb4fb2fd-f1bc-4ce7-b2c6-6578a62ec82f', '256d7f00-0efe-47d0-86c1-65dcb8cc58fa', 'a4a00b5e-c0f4-4361-80dd-76cd7d071f5b', 'f114a27d-5f48-456f-a915-32226f319a35');
INSERT INTO public.imparte (created_at, notas, id_imparte, id_curso, id_modulo, id_discente) VALUES ('2025-06-19 16:07:04.273965+00', NULL, '9c457009-f054-4e05-a22c-f31daa423857', '256d7f00-0efe-47d0-86c1-65dcb8cc58fa', '0cacc34d-36b1-435b-b51d-318d9c55d21c', '109837f4-f954-4e01-9b33-4016ee36aa6c');
INSERT INTO public.imparte (created_at, notas, id_imparte, id_curso, id_modulo, id_discente) VALUES ('2025-06-19 16:07:04.273965+00', NULL, 'b8d0b916-ea2a-42e8-b4c1-dfd20042e097', '256d7f00-0efe-47d0-86c1-65dcb8cc58fa', '0cacc34d-36b1-435b-b51d-318d9c55d21c', '352a5fd1-bac6-43eb-a8e7-53f24d9d04c2');
INSERT INTO public.imparte (created_at, notas, id_imparte, id_curso, id_modulo, id_discente) VALUES ('2025-06-19 16:07:04.273965+00', NULL, '4fdc52fd-6bc4-41ce-9e91-b178236c5422', '256d7f00-0efe-47d0-86c1-65dcb8cc58fa', '0cacc34d-36b1-435b-b51d-318d9c55d21c', '65b50401-bfdc-4b80-bf4c-f038817cb71a');
INSERT INTO public.imparte (created_at, notas, id_imparte, id_curso, id_modulo, id_discente) VALUES ('2025-06-19 16:07:04.273965+00', NULL, '09bbbea1-9fef-4196-a005-ec8ac8597470', '256d7f00-0efe-47d0-86c1-65dcb8cc58fa', '0cacc34d-36b1-435b-b51d-318d9c55d21c', '65f6e800-af07-447a-a92a-27ea5f6ac33d');
INSERT INTO public.imparte (created_at, notas, id_imparte, id_curso, id_modulo, id_discente) VALUES ('2025-06-19 16:07:04.273965+00', NULL, '9ebd321a-d1b2-4960-8381-d5c72c556cd1', '256d7f00-0efe-47d0-86c1-65dcb8cc58fa', '0cacc34d-36b1-435b-b51d-318d9c55d21c', '771943e9-3614-47d3-bc1a-e6bdb675ddc8');
INSERT INTO public.imparte (created_at, notas, id_imparte, id_curso, id_modulo, id_discente) VALUES ('2025-06-19 16:07:04.273965+00', NULL, 'b32e6bd2-fade-4620-a97b-b5e9983570f0', '256d7f00-0efe-47d0-86c1-65dcb8cc58fa', '0cacc34d-36b1-435b-b51d-318d9c55d21c', '799756dc-bd28-4ad0-b9e5-604ca2c619c0');
INSERT INTO public.imparte (created_at, notas, id_imparte, id_curso, id_modulo, id_discente) VALUES ('2025-06-19 16:07:04.273965+00', NULL, '64056691-c30b-4e8a-9c29-e4a2b6af5655', '256d7f00-0efe-47d0-86c1-65dcb8cc58fa', '0cacc34d-36b1-435b-b51d-318d9c55d21c', '7cf1cfca-7699-420a-baaf-8d952d4ee98c');
INSERT INTO public.imparte (created_at, notas, id_imparte, id_curso, id_modulo, id_discente) VALUES ('2025-06-19 16:07:04.273965+00', NULL, '08ba8909-7c2a-40df-803b-2fcc0ff9ca18', '256d7f00-0efe-47d0-86c1-65dcb8cc58fa', '0cacc34d-36b1-435b-b51d-318d9c55d21c', '865ad2cc-fb3c-47b1-8ff8-a02f3c449853');
INSERT INTO public.imparte (created_at, notas, id_imparte, id_curso, id_modulo, id_discente) VALUES ('2025-06-19 16:07:04.273965+00', NULL, '08e6735a-cc81-43eb-b9af-98e6d3829d4a', '256d7f00-0efe-47d0-86c1-65dcb8cc58fa', '0cacc34d-36b1-435b-b51d-318d9c55d21c', '9d3bc0b6-288b-4dd7-ae30-0f44875f647e');
INSERT INTO public.imparte (created_at, notas, id_imparte, id_curso, id_modulo, id_discente) VALUES ('2025-06-19 16:07:04.273965+00', NULL, '52ccd580-c62d-420e-85c1-70c3166b8a0b', '256d7f00-0efe-47d0-86c1-65dcb8cc58fa', '0cacc34d-36b1-435b-b51d-318d9c55d21c', '9fdc796f-d217-48fa-9e43-9dc87dac827d');
INSERT INTO public.imparte (created_at, notas, id_imparte, id_curso, id_modulo, id_discente) VALUES ('2025-06-19 16:07:04.273965+00', NULL, '733d67b4-5375-4837-97c8-3c9f30dea68b', '256d7f00-0efe-47d0-86c1-65dcb8cc58fa', '0cacc34d-36b1-435b-b51d-318d9c55d21c', 'c55fc30c-b6b4-43b1-87a7-ea6b77adc8b6');
INSERT INTO public.imparte (created_at, notas, id_imparte, id_curso, id_modulo, id_discente) VALUES ('2025-06-19 16:07:04.273965+00', NULL, 'd166536a-bd78-4e2f-8212-8bd65b445ffe', '256d7f00-0efe-47d0-86c1-65dcb8cc58fa', '0cacc34d-36b1-435b-b51d-318d9c55d21c', 'e50e69df-421b-41a0-89d9-f3491ec99af8');


--
-- TOC entry 3939 (class 0 OID 17745)
-- Dependencies: 287
-- Data for Name: poseen; Type: TABLE DATA; Schema: public; Owner: postgres
--



--
-- TOC entry 3945 (class 0 OID 0)
-- Dependencies: 275
-- Name: TipoEvaluacion_id_tipoevaluacion_seq; Type: SEQUENCE SET; Schema: public; Owner: postgres
--

SELECT pg_catalog.setval('public."TipoEvaluacion_id_tipoevaluacion_seq"', 4, true);


--
-- TOC entry 3946 (class 0 OID 0)
-- Dependencies: 277
-- Name: TipoPracticas_id_tipopractica_seq; Type: SEQUENCE SET; Schema: public; Owner: postgres
--

SELECT pg_catalog.setval('public."TipoPracticas_id_tipopractica_seq"', 6, true);


-- Completed on 2025-08-07 11:50:18

--
-- PostgreSQL database dump complete
--

