--
-- PostgreSQL database dump
--

-- Dumped from database version 15.8
-- Dumped by pg_dump version 17.2

-- Started on 2025-01-04 18:24:02

SET statement_timeout = 0;
SET lock_timeout = 0;
SET idle_in_transaction_session_timeout = 0;
SET transaction_timeout = 0;
SET client_encoding = 'UTF8';
SET standard_conforming_strings = on;
SELECT pg_catalog.set_config('search_path', '', false);
SET check_function_bodies = false;
SET xmloption = content;
SET client_min_messages = warning;
SET row_security = off;

--
-- TOC entry 22 (class 2615 OID 2200)
-- Name: public; Type: SCHEMA; Schema: -; Owner: pg_database_owner
--

CREATE SCHEMA public;


ALTER SCHEMA public OWNER TO pg_database_owner;

--
-- TOC entry 4000 (class 0 OID 0)
-- Dependencies: 22
-- Name: SCHEMA public; Type: COMMENT; Schema: -; Owner: pg_database_owner
--

COMMENT ON SCHEMA public IS 'standard public schema';


SET default_tablespace = '';

SET default_table_access_method = heap;

--
-- TOC entry 270 (class 1259 OID 29593)
-- Name: Ciclos; Type: TABLE; Schema: public; Owner: postgres
--

CREATE TABLE public."Ciclos" (
    id_ciclo bigint NOT NULL,
    created_at timestamp with time zone DEFAULT now() NOT NULL,
    nombre character varying DEFAULT ''::character varying NOT NULL,
    siglas character varying DEFAULT ''::character varying NOT NULL,
    descripcion text DEFAULT ''::text
);


ALTER TABLE public."Ciclos" OWNER TO postgres;

--
-- TOC entry 271 (class 1259 OID 29602)
-- Name: Ciclos_id_seq; Type: SEQUENCE; Schema: public; Owner: postgres
--

ALTER TABLE public."Ciclos" ALTER COLUMN id_ciclo ADD GENERATED BY DEFAULT AS IDENTITY (
    SEQUENCE NAME public."Ciclos_id_seq"
    START WITH 1
    INCREMENT BY 1
    NO MINVALUE
    NO MAXVALUE
    CACHE 1
);


--
-- TOC entry 272 (class 1259 OID 29603)
-- Name: Cursos; Type: TABLE; Schema: public; Owner: postgres
--

CREATE TABLE public."Cursos" (
    id_curso bigint NOT NULL,
    created_at timestamp with time zone DEFAULT now() NOT NULL,
    centro character varying DEFAULT ''::character varying NOT NULL,
    nombre character varying DEFAULT ''::character varying NOT NULL,
    descripcion text DEFAULT ''::text,
    anyo character varying DEFAULT ''::character varying NOT NULL
);


ALTER TABLE public."Cursos" OWNER TO postgres;

--
-- TOC entry 273 (class 1259 OID 29613)
-- Name: Cursos_id_seq; Type: SEQUENCE; Schema: public; Owner: postgres
--

ALTER TABLE public."Cursos" ALTER COLUMN id_curso ADD GENERATED BY DEFAULT AS IDENTITY (
    SEQUENCE NAME public."Cursos_id_seq"
    START WITH 1
    INCREMENT BY 1
    NO MINVALUE
    NO MAXVALUE
    CACHE 1
);


--
-- TOC entry 274 (class 1259 OID 29614)
-- Name: Discentes; Type: TABLE; Schema: public; Owner: postgres
--

CREATE TABLE public."Discentes" (
    nombre text NOT NULL,
    apellidos text NOT NULL,
    correo text,
    fecha_nac date,
    id_discente bigint NOT NULL
);


ALTER TABLE public."Discentes" OWNER TO postgres;

--
-- TOC entry 275 (class 1259 OID 29619)
-- Name: Evaluaciones; Type: TABLE; Schema: public; Owner: postgres
--

CREATE TABLE public."Evaluaciones" (
    id_evaluacion bigint NOT NULL,
    created_at timestamp with time zone DEFAULT now() NOT NULL,
    nombre character varying DEFAULT ''::character varying NOT NULL,
    fecha_ini date,
    fecha_fin date,
    descripcion text DEFAULT ''::text,
    id_tipoevaluacion bigint
);


ALTER TABLE public."Evaluaciones" OWNER TO postgres;

--
-- TOC entry 276 (class 1259 OID 29627)
-- Name: Evaluacion_id_evaluacion_seq; Type: SEQUENCE; Schema: public; Owner: postgres
--

ALTER TABLE public."Evaluaciones" ALTER COLUMN id_evaluacion ADD GENERATED BY DEFAULT AS IDENTITY (
    SEQUENCE NAME public."Evaluacion_id_evaluacion_seq"
    START WITH 1
    INCREMENT BY 1
    NO MINVALUE
    NO MAXVALUE
    CACHE 1
);


--
-- TOC entry 277 (class 1259 OID 29628)
-- Name: Modulos; Type: TABLE; Schema: public; Owner: postgres
--

CREATE TABLE public."Modulos" (
    id_modulo bigint NOT NULL,
    created_at timestamp with time zone DEFAULT now() NOT NULL,
    nombre character varying DEFAULT ''::character varying NOT NULL,
    siglas character varying DEFAULT ''::character varying NOT NULL,
    descripcion text DEFAULT ''::text,
    id_ciclo bigint
);


ALTER TABLE public."Modulos" OWNER TO postgres;

--
-- TOC entry 278 (class 1259 OID 29637)
-- Name: Modulos_id_modulo_seq; Type: SEQUENCE; Schema: public; Owner: postgres
--

ALTER TABLE public."Modulos" ALTER COLUMN id_modulo ADD GENERATED BY DEFAULT AS IDENTITY (
    SEQUENCE NAME public."Modulos_id_modulo_seq"
    START WITH 1
    INCREMENT BY 1
    NO MINVALUE
    NO MAXVALUE
    CACHE 1
);


--
-- TOC entry 279 (class 1259 OID 29638)
-- Name: Practicas; Type: TABLE; Schema: public; Owner: postgres
--

CREATE TABLE public."Practicas" (
    id_practica bigint NOT NULL,
    created_at timestamp with time zone DEFAULT now() NOT NULL,
    nombre text DEFAULT ''::text NOT NULL,
    numero character varying DEFAULT ''::character varying NOT NULL,
    enunciado text DEFAULT ''::text NOT NULL,
    descripcion text DEFAULT ''::text,
    id_tipopractica bigint NOT NULL,
    unidad character varying DEFAULT ''::character varying NOT NULL
);


ALTER TABLE public."Practicas" OWNER TO postgres;

--
-- TOC entry 280 (class 1259 OID 29649)
-- Name: Practicas_id_practica_seq; Type: SEQUENCE; Schema: public; Owner: postgres
--

ALTER TABLE public."Practicas" ALTER COLUMN id_practica ADD GENERATED BY DEFAULT AS IDENTITY (
    SEQUENCE NAME public."Practicas_id_practica_seq"
    START WITH 1
    INCREMENT BY 1
    NO MINVALUE
    NO MAXVALUE
    CACHE 1
);


--
-- TOC entry 281 (class 1259 OID 29650)
-- Name: TipoEvaluacion; Type: TABLE; Schema: public; Owner: postgres
--

CREATE TABLE public."TipoEvaluacion" (
    id_tipoevaluacion bigint NOT NULL,
    created_at timestamp with time zone DEFAULT now() NOT NULL,
    nombre character varying DEFAULT ''::character varying NOT NULL,
    descripcion text DEFAULT ''::text
);


ALTER TABLE public."TipoEvaluacion" OWNER TO postgres;

--
-- TOC entry 282 (class 1259 OID 29658)
-- Name: TipoEvaluacion_id_tipoevaluacion_seq; Type: SEQUENCE; Schema: public; Owner: postgres
--

ALTER TABLE public."TipoEvaluacion" ALTER COLUMN id_tipoevaluacion ADD GENERATED BY DEFAULT AS IDENTITY (
    SEQUENCE NAME public."TipoEvaluacion_id_tipoevaluacion_seq"
    START WITH 1
    INCREMENT BY 1
    NO MINVALUE
    NO MAXVALUE
    CACHE 1
);


--
-- TOC entry 283 (class 1259 OID 29659)
-- Name: TipoPracticas; Type: TABLE; Schema: public; Owner: postgres
--

CREATE TABLE public."TipoPracticas" (
    id_tipopractica bigint NOT NULL,
    created_at timestamp with time zone DEFAULT now() NOT NULL,
    nombre character varying DEFAULT ''::character varying NOT NULL,
    descripcion text DEFAULT ''::text
);


ALTER TABLE public."TipoPracticas" OWNER TO postgres;

--
-- TOC entry 284 (class 1259 OID 29667)
-- Name: TipoPracticas_id_tipopractica_seq; Type: SEQUENCE; Schema: public; Owner: postgres
--

ALTER TABLE public."TipoPracticas" ALTER COLUMN id_tipopractica ADD GENERATED BY DEFAULT AS IDENTITY (
    SEQUENCE NAME public."TipoPracticas_id_tipopractica_seq"
    START WITH 1
    INCREMENT BY 1
    NO MINVALUE
    NO MAXVALUE
    CACHE 1
);


--
-- TOC entry 285 (class 1259 OID 29668)
-- Name: Versiones; Type: TABLE; Schema: public; Owner: postgres
--

CREATE TABLE public."Versiones" (
    id_version bigint NOT NULL,
    created_at timestamp with time zone DEFAULT now() NOT NULL,
    curso character varying DEFAULT ''::character varying,
    descripcion text DEFAULT ''::text,
    notas_version text DEFAULT ''::text,
    id_practica bigint NOT NULL
);


ALTER TABLE public."Versiones" OWNER TO postgres;

--
-- TOC entry 286 (class 1259 OID 29677)
-- Name: Versiones_id_version_seq; Type: SEQUENCE; Schema: public; Owner: postgres
--

ALTER TABLE public."Versiones" ALTER COLUMN id_version ADD GENERATED BY DEFAULT AS IDENTITY (
    SEQUENCE NAME public."Versiones_id_version_seq"
    START WITH 1
    INCREMENT BY 1
    NO MINVALUE
    NO MAXVALUE
    CACHE 1
);


--
-- TOC entry 287 (class 1259 OID 29678)
-- Name: evaluan; Type: TABLE; Schema: public; Owner: postgres
--

CREATE TABLE public.evaluan (
    id_evaluan bigint NOT NULL,
    created_at timestamp with time zone DEFAULT now() NOT NULL,
    peso smallint NOT NULL,
    curso character varying NOT NULL,
    id_evaluacion bigint NOT NULL,
    id_practica bigint NOT NULL,
    id_discente bigint NOT NULL
);


ALTER TABLE public.evaluan OWNER TO postgres;

--
-- TOC entry 288 (class 1259 OID 29684)
-- Name: evaluan_id_evaluan_seq; Type: SEQUENCE; Schema: public; Owner: postgres
--

ALTER TABLE public.evaluan ALTER COLUMN id_evaluan ADD GENERATED BY DEFAULT AS IDENTITY (
    SEQUENCE NAME public.evaluan_id_evaluan_seq
    START WITH 1
    INCREMENT BY 1
    NO MINVALUE
    NO MAXVALUE
    CACHE 1
);


--
-- TOC entry 289 (class 1259 OID 29685)
-- Name: hacen; Type: TABLE; Schema: public; Owner: postgres
--

CREATE TABLE public.hacen (
    id_hacen bigint NOT NULL,
    created_at timestamp with time zone DEFAULT now() NOT NULL,
    curso character varying DEFAULT ''::character varying NOT NULL,
    nota smallint NOT NULL,
    id_practica bigint NOT NULL,
    id_discente bigint
);


ALTER TABLE public.hacen OWNER TO postgres;

--
-- TOC entry 290 (class 1259 OID 29692)
-- Name: hacen_id_hacen_seq; Type: SEQUENCE; Schema: public; Owner: postgres
--

ALTER TABLE public.hacen ALTER COLUMN id_hacen ADD GENERATED BY DEFAULT AS IDENTITY (
    SEQUENCE NAME public.hacen_id_hacen_seq
    START WITH 1
    INCREMENT BY 1
    NO MINVALUE
    NO MAXVALUE
    CACHE 1
);


--
-- TOC entry 291 (class 1259 OID 29693)
-- Name: imparte; Type: TABLE; Schema: public; Owner: postgres
--

CREATE TABLE public.imparte (
    id_imparte bigint NOT NULL,
    created_at timestamp with time zone DEFAULT now() NOT NULL,
    curso character varying DEFAULT ''::character varying,
    descripcion character varying,
    id_curso bigint NOT NULL,
    id_ciclo bigint NOT NULL
);


ALTER TABLE public.imparte OWNER TO postgres;

--
-- TOC entry 292 (class 1259 OID 29700)
-- Name: imparte_id_imparte_seq; Type: SEQUENCE; Schema: public; Owner: postgres
--

ALTER TABLE public.imparte ALTER COLUMN id_imparte ADD GENERATED BY DEFAULT AS IDENTITY (
    SEQUENCE NAME public.imparte_id_imparte_seq
    START WITH 1
    INCREMENT BY 1
    NO MINVALUE
    NO MAXVALUE
    CACHE 1
);


--
-- TOC entry 293 (class 1259 OID 29701)
-- Name: matricula; Type: TABLE; Schema: public; Owner: postgres
--

CREATE TABLE public.matricula (
    id_matricula bigint NOT NULL,
    created_at timestamp with time zone DEFAULT now() NOT NULL,
    curso character varying DEFAULT ''::character varying NOT NULL,
    descripcion text DEFAULT ''::text,
    repetidor boolean,
    id_modulo bigint NOT NULL,
    id_discente bigint
);


ALTER TABLE public.matricula OWNER TO postgres;

--
-- TOC entry 294 (class 1259 OID 29709)
-- Name: matricula_id_matricula_seq; Type: SEQUENCE; Schema: public; Owner: postgres
--

ALTER TABLE public.matricula ALTER COLUMN id_matricula ADD GENERATED BY DEFAULT AS IDENTITY (
    SEQUENCE NAME public.matricula_id_matricula_seq
    START WITH 1
    INCREMENT BY 1
    NO MINVALUE
    NO MAXVALUE
    CACHE 1
);


--
-- TOC entry 295 (class 1259 OID 29710)
-- Name: poseen; Type: TABLE; Schema: public; Owner: postgres
--

CREATE TABLE public.poseen (
    id_poseen bigint NOT NULL,
    created_at timestamp with time zone DEFAULT now() NOT NULL,
    curso character varying DEFAULT ''::character varying NOT NULL,
    id_modulo bigint NOT NULL,
    id_proactica bigint NOT NULL
);


ALTER TABLE public.poseen OWNER TO postgres;

--
-- TOC entry 296 (class 1259 OID 29717)
-- Name: poseen_id_poseen_seq; Type: SEQUENCE; Schema: public; Owner: postgres
--

ALTER TABLE public.poseen ALTER COLUMN id_poseen ADD GENERATED BY DEFAULT AS IDENTITY (
    SEQUENCE NAME public.poseen_id_poseen_seq
    START WITH 1
    INCREMENT BY 1
    NO MINVALUE
    NO MAXVALUE
    CACHE 1
);


--
-- TOC entry 3968 (class 0 OID 29593)
-- Dependencies: 270
-- Data for Name: Ciclos; Type: TABLE DATA; Schema: public; Owner: postgres
--

COPY public."Ciclos" (id_ciclo, created_at, nombre, siglas, descripcion) FROM stdin;
1	2024-12-23 16:35:16.442387+00	Desarrollo de Aplicaciones Web	DAW	Ciclo formativo de grado superior para el desarrollo de aplicaciones web
2	2024-12-23 16:35:16.442387+00	Administración de Sistemas Informáticos	ASI	Ciclo formativo de grado superior para la administración de sistemas informáticos
\.


--
-- TOC entry 3970 (class 0 OID 29603)
-- Dependencies: 272
-- Data for Name: Cursos; Type: TABLE DATA; Schema: public; Owner: postgres
--

COPY public."Cursos" (id_curso, created_at, centro, nombre, descripcion, anyo) FROM stdin;
19	2024-12-23 16:53:50.698609+00	IES Tecnológico	1º DAW	Primer curso de Desarrollo de Aplicaciones Web	2024-2025
20	2024-12-23 16:53:50.698609+00	IES Tecnológico	2º DAW	Segundo curso de Desarrollo de Aplicaciones Web	2024-2025
21	2024-12-23 16:53:50.698609+00	IES Tecnológico	1º ASI	Primer curso de Administración de Sistemas Informáticos	2024-2025
\.


--
-- TOC entry 3972 (class 0 OID 29614)
-- Dependencies: 274
-- Data for Name: Discentes; Type: TABLE DATA; Schema: public; Owner: postgres
--

COPY public."Discentes" (nombre, apellidos, correo, fecha_nac, id_discente) FROM stdin;
María	López García	mlopez@example.com	2002-06-15	1
Juan	Pérez Martínez	jperez@example.com	2003-02-20	2
Ana	González Ruiz	agonzalez@example.com	2001-12-10	3
Carlos	Fernández Soto	cfernandez@example.com	2002-03-05	4
Laura	Ramírez Torres	lramirez@example.com	2003-07-22	5
\.


--
-- TOC entry 3973 (class 0 OID 29619)
-- Dependencies: 275
-- Data for Name: Evaluaciones; Type: TABLE DATA; Schema: public; Owner: postgres
--

COPY public."Evaluaciones" (id_evaluacion, created_at, nombre, fecha_ini, fecha_fin, descripcion, id_tipoevaluacion) FROM stdin;
4	2024-12-23 16:57:35.875658+00	Primera Evaluación	2024-10-01	2024-12-20	Evaluación inicial	1
5	2024-12-23 16:57:35.875658+00	Segunda Evaluación	2025-01-15	2025-03-30	Evaluación intermedia	2
6	2024-12-23 16:57:35.875658+00	Evaluación Final	2025-04-01	2025-06-20	Evaluación final	3
\.


--
-- TOC entry 3975 (class 0 OID 29628)
-- Dependencies: 277
-- Data for Name: Modulos; Type: TABLE DATA; Schema: public; Owner: postgres
--

COPY public."Modulos" (id_modulo, created_at, nombre, siglas, descripcion, id_ciclo) FROM stdin;
31	2024-12-23 16:54:14.53435+00	Programación	PROG	Aprendizaje de programación básica	1
32	2024-12-23 16:54:14.53435+00	Desarrollo Web en Entorno Cliente	DWEC	Desarrollo web con tecnologías del lado cliente	1
33	2024-12-23 16:54:14.53435+00	Bases de Datos	BD	Aprendizaje de sistemas de bases de datos	1
34	2024-12-23 16:54:14.53435+00	Seguridad Informática	SEG	Conceptos avanzados de seguridad informática	2
35	2024-12-23 16:54:14.53435+00	Implantación de Sistemas	IS	Instalación y configuración de sistemas operativos	2
\.


--
-- TOC entry 3977 (class 0 OID 29638)
-- Dependencies: 279
-- Data for Name: Practicas; Type: TABLE DATA; Schema: public; Owner: postgres
--

COPY public."Practicas" (id_practica, created_at, nombre, numero, enunciado, descripcion, id_tipopractica, unidad) FROM stdin;
7	2024-12-23 16:55:03.734992+00	Práctica 1	P1	Resolver ejercicios básicos de programación	Práctica introductoria	1	Unidad 1
8	2024-12-23 16:55:03.734992+00	Práctica 2	P2	Diseño de una base de datos	Práctica intermedia	2	Unidad 2
9	2024-12-23 16:55:03.734992+00	Práctica 3	P3	Desarrollar una página web interactiva	Práctica avanzada	3	Unidad 3
10	2024-12-23 16:55:52.895551+00	Práctica 1	P1	Resolver ejercicios básicos de programación	Práctica introductoria	1	Unidad 1
11	2024-12-23 16:55:52.895551+00	Práctica 2	P2	Diseño de una base de datos	Práctica intermedia	2	Unidad 2
12	2024-12-23 16:55:52.895551+00	Práctica 3	P3	Desarrollar una página web interactiva	Práctica avanzada	3	Unidad 3
\.


--
-- TOC entry 3979 (class 0 OID 29650)
-- Dependencies: 281
-- Data for Name: TipoEvaluacion; Type: TABLE DATA; Schema: public; Owner: postgres
--

COPY public."TipoEvaluacion" (id_tipoevaluacion, created_at, nombre, descripcion) FROM stdin;
1	2024-12-23 16:57:35.875658+00	Parcial	Evaluación parcial de contenidos
2	2024-12-23 16:57:35.875658+00	Global	Evaluación global del módulo
3	2024-12-23 16:57:35.875658+00	Extraordinaria	Evaluación para recuperación
\.


--
-- TOC entry 3981 (class 0 OID 29659)
-- Dependencies: 283
-- Data for Name: TipoPracticas; Type: TABLE DATA; Schema: public; Owner: postgres
--

COPY public."TipoPracticas" (id_tipopractica, created_at, nombre, descripcion) FROM stdin;
1	2024-12-23 16:50:56.799831+00	Individual	Práctica realizada de forma individual
2	2024-12-23 16:50:56.799831+00	Grupal	Práctica realizada en equipo
3	2024-12-23 16:50:56.799831+00	Proyecto	Proyecto complejo integrador
4	2024-12-23 16:58:25.454745+00	Individual	Práctica realizada de forma individual
5	2024-12-23 16:58:25.454745+00	Grupal	Práctica realizada en equipo
6	2024-12-23 16:58:25.454745+00	Proyecto	Proyecto complejo integrador
\.


--
-- TOC entry 3983 (class 0 OID 29668)
-- Dependencies: 285
-- Data for Name: Versiones; Type: TABLE DATA; Schema: public; Owner: postgres
--

COPY public."Versiones" (id_version, created_at, curso, descripcion, notas_version, id_practica) FROM stdin;
7	2024-12-23 16:56:50.536362+00	2024-2025	Versión inicial	Primera iteración de la práctica	7
8	2024-12-23 16:56:50.536362+00	2024-2025	Versión revisada	Actualización basada en feedback	7
9	2024-12-23 16:56:50.536362+00	2024-2025	Versión inicial	Primera iteración de la práctica	8
10	2024-12-23 16:56:50.536362+00	2024-2025	Versión revisada	Actualización basada en feedback	8
11	2024-12-23 16:56:50.536362+00	2024-2025	Versión inicial	Primera iteración de la práctica	9
12	2024-12-23 16:56:50.536362+00	2024-2025	Versión revisada	Actualización basada en feedback	9
\.


--
-- TOC entry 3985 (class 0 OID 29678)
-- Dependencies: 287
-- Data for Name: evaluan; Type: TABLE DATA; Schema: public; Owner: postgres
--

COPY public.evaluan (id_evaluan, created_at, peso, curso, id_evaluacion, id_practica, id_discente) FROM stdin;
\.


--
-- TOC entry 3987 (class 0 OID 29685)
-- Dependencies: 289
-- Data for Name: hacen; Type: TABLE DATA; Schema: public; Owner: postgres
--

COPY public.hacen (id_hacen, created_at, curso, nota, id_practica, id_discente) FROM stdin;
\.


--
-- TOC entry 3989 (class 0 OID 29693)
-- Dependencies: 291
-- Data for Name: imparte; Type: TABLE DATA; Schema: public; Owner: postgres
--

COPY public.imparte (id_imparte, created_at, curso, descripcion, id_curso, id_ciclo) FROM stdin;
\.


--
-- TOC entry 3991 (class 0 OID 29701)
-- Dependencies: 293
-- Data for Name: matricula; Type: TABLE DATA; Schema: public; Owner: postgres
--

COPY public.matricula (id_matricula, created_at, curso, descripcion, repetidor, id_modulo, id_discente) FROM stdin;
6	2024-12-23 16:59:42.717572+00	2024-2025	Primera inscripción	f	31	1
7	2024-12-23 16:59:42.717572+00	2024-2025	Primera inscripción	f	32	1
8	2024-12-23 16:59:42.717572+00	2024-2025	Primera inscripción	f	33	1
9	2024-12-23 16:59:42.717572+00	2024-2025	Primera inscripción	f	31	2
10	2024-12-23 16:59:42.717572+00	2024-2025	Primera inscripción	f	32	2
\.


--
-- TOC entry 3993 (class 0 OID 29710)
-- Dependencies: 295
-- Data for Name: poseen; Type: TABLE DATA; Schema: public; Owner: postgres
--

COPY public.poseen (id_poseen, created_at, curso, id_modulo, id_proactica) FROM stdin;
\.


--
-- TOC entry 4029 (class 0 OID 0)
-- Dependencies: 271
-- Name: Ciclos_id_seq; Type: SEQUENCE SET; Schema: public; Owner: postgres
--

SELECT pg_catalog.setval('public."Ciclos_id_seq"', 2, true);


--
-- TOC entry 4030 (class 0 OID 0)
-- Dependencies: 273
-- Name: Cursos_id_seq; Type: SEQUENCE SET; Schema: public; Owner: postgres
--

SELECT pg_catalog.setval('public."Cursos_id_seq"', 21, true);


--
-- TOC entry 4031 (class 0 OID 0)
-- Dependencies: 276
-- Name: Evaluacion_id_evaluacion_seq; Type: SEQUENCE SET; Schema: public; Owner: postgres
--

SELECT pg_catalog.setval('public."Evaluacion_id_evaluacion_seq"', 6, true);


--
-- TOC entry 4032 (class 0 OID 0)
-- Dependencies: 278
-- Name: Modulos_id_modulo_seq; Type: SEQUENCE SET; Schema: public; Owner: postgres
--

SELECT pg_catalog.setval('public."Modulos_id_modulo_seq"', 35, true);


--
-- TOC entry 4033 (class 0 OID 0)
-- Dependencies: 280
-- Name: Practicas_id_practica_seq; Type: SEQUENCE SET; Schema: public; Owner: postgres
--

SELECT pg_catalog.setval('public."Practicas_id_practica_seq"', 12, true);


--
-- TOC entry 4034 (class 0 OID 0)
-- Dependencies: 282
-- Name: TipoEvaluacion_id_tipoevaluacion_seq; Type: SEQUENCE SET; Schema: public; Owner: postgres
--

SELECT pg_catalog.setval('public."TipoEvaluacion_id_tipoevaluacion_seq"', 3, true);


--
-- TOC entry 4035 (class 0 OID 0)
-- Dependencies: 284
-- Name: TipoPracticas_id_tipopractica_seq; Type: SEQUENCE SET; Schema: public; Owner: postgres
--

SELECT pg_catalog.setval('public."TipoPracticas_id_tipopractica_seq"', 6, true);


--
-- TOC entry 4036 (class 0 OID 0)
-- Dependencies: 286
-- Name: Versiones_id_version_seq; Type: SEQUENCE SET; Schema: public; Owner: postgres
--

SELECT pg_catalog.setval('public."Versiones_id_version_seq"', 12, true);


--
-- TOC entry 4037 (class 0 OID 0)
-- Dependencies: 288
-- Name: evaluan_id_evaluan_seq; Type: SEQUENCE SET; Schema: public; Owner: postgres
--

SELECT pg_catalog.setval('public.evaluan_id_evaluan_seq', 1, false);


--
-- TOC entry 4038 (class 0 OID 0)
-- Dependencies: 290
-- Name: hacen_id_hacen_seq; Type: SEQUENCE SET; Schema: public; Owner: postgres
--

SELECT pg_catalog.setval('public.hacen_id_hacen_seq', 1, false);


--
-- TOC entry 4039 (class 0 OID 0)
-- Dependencies: 292
-- Name: imparte_id_imparte_seq; Type: SEQUENCE SET; Schema: public; Owner: postgres
--

SELECT pg_catalog.setval('public.imparte_id_imparte_seq', 1, false);


--
-- TOC entry 4040 (class 0 OID 0)
-- Dependencies: 294
-- Name: matricula_id_matricula_seq; Type: SEQUENCE SET; Schema: public; Owner: postgres
--

SELECT pg_catalog.setval('public.matricula_id_matricula_seq', 10, true);


--
-- TOC entry 4041 (class 0 OID 0)
-- Dependencies: 296
-- Name: poseen_id_poseen_seq; Type: SEQUENCE SET; Schema: public; Owner: postgres
--

SELECT pg_catalog.setval('public.poseen_id_poseen_seq', 1, false);


--
-- TOC entry 3748 (class 2606 OID 29821)
-- Name: Ciclos Ciclos_id_ciclo_key; Type: CONSTRAINT; Schema: public; Owner: postgres
--

ALTER TABLE ONLY public."Ciclos"
    ADD CONSTRAINT "Ciclos_id_ciclo_key" UNIQUE (id_ciclo);


--
-- TOC entry 3750 (class 2606 OID 29823)
-- Name: Ciclos Ciclos_pkey; Type: CONSTRAINT; Schema: public; Owner: postgres
--

ALTER TABLE ONLY public."Ciclos"
    ADD CONSTRAINT "Ciclos_pkey" PRIMARY KEY (id_ciclo);


--
-- TOC entry 3752 (class 2606 OID 29825)
-- Name: Cursos Cursos_pkey; Type: CONSTRAINT; Schema: public; Owner: postgres
--

ALTER TABLE ONLY public."Cursos"
    ADD CONSTRAINT "Cursos_pkey" PRIMARY KEY (id_curso);


--
-- TOC entry 3754 (class 2606 OID 29827)
-- Name: Discentes Discentes_pkey; Type: CONSTRAINT; Schema: public; Owner: postgres
--

ALTER TABLE ONLY public."Discentes"
    ADD CONSTRAINT "Discentes_pkey" PRIMARY KEY (id_discente);


--
-- TOC entry 3756 (class 2606 OID 29829)
-- Name: Evaluaciones Evaluacion_pkey; Type: CONSTRAINT; Schema: public; Owner: postgres
--

ALTER TABLE ONLY public."Evaluaciones"
    ADD CONSTRAINT "Evaluacion_pkey" PRIMARY KEY (id_evaluacion);


--
-- TOC entry 3758 (class 2606 OID 29831)
-- Name: Modulos Modulos_pkey; Type: CONSTRAINT; Schema: public; Owner: postgres
--

ALTER TABLE ONLY public."Modulos"
    ADD CONSTRAINT "Modulos_pkey" PRIMARY KEY (id_modulo);


--
-- TOC entry 3760 (class 2606 OID 29833)
-- Name: Practicas Practicas_pkey; Type: CONSTRAINT; Schema: public; Owner: postgres
--

ALTER TABLE ONLY public."Practicas"
    ADD CONSTRAINT "Practicas_pkey" PRIMARY KEY (id_practica);


--
-- TOC entry 3762 (class 2606 OID 29835)
-- Name: TipoEvaluacion TipoEvaluacion_pkey; Type: CONSTRAINT; Schema: public; Owner: postgres
--

ALTER TABLE ONLY public."TipoEvaluacion"
    ADD CONSTRAINT "TipoEvaluacion_pkey" PRIMARY KEY (id_tipoevaluacion);


--
-- TOC entry 3764 (class 2606 OID 29837)
-- Name: TipoPracticas TipoPracticas_pkey; Type: CONSTRAINT; Schema: public; Owner: postgres
--

ALTER TABLE ONLY public."TipoPracticas"
    ADD CONSTRAINT "TipoPracticas_pkey" PRIMARY KEY (id_tipopractica);


--
-- TOC entry 3766 (class 2606 OID 29839)
-- Name: Versiones Versiones_pkey; Type: CONSTRAINT; Schema: public; Owner: postgres
--

ALTER TABLE ONLY public."Versiones"
    ADD CONSTRAINT "Versiones_pkey" PRIMARY KEY (id_version);


--
-- TOC entry 3768 (class 2606 OID 29841)
-- Name: evaluan evaluan_pkey; Type: CONSTRAINT; Schema: public; Owner: postgres
--

ALTER TABLE ONLY public.evaluan
    ADD CONSTRAINT evaluan_pkey PRIMARY KEY (id_evaluan);


--
-- TOC entry 3770 (class 2606 OID 29843)
-- Name: hacen hacen_pkey; Type: CONSTRAINT; Schema: public; Owner: postgres
--

ALTER TABLE ONLY public.hacen
    ADD CONSTRAINT hacen_pkey PRIMARY KEY (id_hacen);


--
-- TOC entry 3772 (class 2606 OID 29845)
-- Name: imparte imparte_pkey; Type: CONSTRAINT; Schema: public; Owner: postgres
--

ALTER TABLE ONLY public.imparte
    ADD CONSTRAINT imparte_pkey PRIMARY KEY (id_imparte);


--
-- TOC entry 3774 (class 2606 OID 29847)
-- Name: matricula matricula_pkey; Type: CONSTRAINT; Schema: public; Owner: postgres
--

ALTER TABLE ONLY public.matricula
    ADD CONSTRAINT matricula_pkey PRIMARY KEY (id_matricula);


--
-- TOC entry 3776 (class 2606 OID 29849)
-- Name: poseen poseen_pkey; Type: CONSTRAINT; Schema: public; Owner: postgres
--

ALTER TABLE ONLY public.poseen
    ADD CONSTRAINT poseen_pkey PRIMARY KEY (id_poseen);


--
-- TOC entry 3777 (class 2606 OID 29970)
-- Name: Evaluaciones Evaluacion_id_tipoevaluacion_fkey; Type: FK CONSTRAINT; Schema: public; Owner: postgres
--

ALTER TABLE ONLY public."Evaluaciones"
    ADD CONSTRAINT "Evaluacion_id_tipoevaluacion_fkey" FOREIGN KEY (id_tipoevaluacion) REFERENCES public."TipoEvaluacion"(id_tipoevaluacion);


--
-- TOC entry 3778 (class 2606 OID 29975)
-- Name: Modulos Modulos_id_ciclo_fkey; Type: FK CONSTRAINT; Schema: public; Owner: postgres
--

ALTER TABLE ONLY public."Modulos"
    ADD CONSTRAINT "Modulos_id_ciclo_fkey" FOREIGN KEY (id_ciclo) REFERENCES public."Ciclos"(id_ciclo);


--
-- TOC entry 3779 (class 2606 OID 29980)
-- Name: Practicas Practicas_id_tipopractica_fkey; Type: FK CONSTRAINT; Schema: public; Owner: postgres
--

ALTER TABLE ONLY public."Practicas"
    ADD CONSTRAINT "Practicas_id_tipopractica_fkey" FOREIGN KEY (id_tipopractica) REFERENCES public."TipoPracticas"(id_tipopractica);


--
-- TOC entry 3780 (class 2606 OID 29985)
-- Name: Versiones Versiones_id_practica_fkey; Type: FK CONSTRAINT; Schema: public; Owner: postgres
--

ALTER TABLE ONLY public."Versiones"
    ADD CONSTRAINT "Versiones_id_practica_fkey" FOREIGN KEY (id_practica) REFERENCES public."Practicas"(id_practica);


--
-- TOC entry 3781 (class 2606 OID 29990)
-- Name: evaluan evaluan_id_discente_fkey; Type: FK CONSTRAINT; Schema: public; Owner: postgres
--

ALTER TABLE ONLY public.evaluan
    ADD CONSTRAINT evaluan_id_discente_fkey FOREIGN KEY (id_discente) REFERENCES public."Discentes"(id_discente);


--
-- TOC entry 3782 (class 2606 OID 29995)
-- Name: evaluan evaluan_id_evaluacion_fkey; Type: FK CONSTRAINT; Schema: public; Owner: postgres
--

ALTER TABLE ONLY public.evaluan
    ADD CONSTRAINT evaluan_id_evaluacion_fkey FOREIGN KEY (id_evaluacion) REFERENCES public."Evaluaciones"(id_evaluacion);


--
-- TOC entry 3783 (class 2606 OID 30000)
-- Name: evaluan evaluan_id_practica_fkey; Type: FK CONSTRAINT; Schema: public; Owner: postgres
--

ALTER TABLE ONLY public.evaluan
    ADD CONSTRAINT evaluan_id_practica_fkey FOREIGN KEY (id_practica) REFERENCES public."Practicas"(id_practica);


--
-- TOC entry 3784 (class 2606 OID 30005)
-- Name: hacen hacen_id_discente_fkey; Type: FK CONSTRAINT; Schema: public; Owner: postgres
--

ALTER TABLE ONLY public.hacen
    ADD CONSTRAINT hacen_id_discente_fkey FOREIGN KEY (id_discente) REFERENCES public."Discentes"(id_discente);


--
-- TOC entry 3785 (class 2606 OID 30010)
-- Name: hacen hacen_id_practica_fkey; Type: FK CONSTRAINT; Schema: public; Owner: postgres
--

ALTER TABLE ONLY public.hacen
    ADD CONSTRAINT hacen_id_practica_fkey FOREIGN KEY (id_practica) REFERENCES public."Practicas"(id_practica);


--
-- TOC entry 3786 (class 2606 OID 30015)
-- Name: imparte imparte_id_ciclo_fkey; Type: FK CONSTRAINT; Schema: public; Owner: postgres
--

ALTER TABLE ONLY public.imparte
    ADD CONSTRAINT imparte_id_ciclo_fkey FOREIGN KEY (id_ciclo) REFERENCES public."Ciclos"(id_ciclo);


--
-- TOC entry 3787 (class 2606 OID 30020)
-- Name: imparte imparte_id_curso_fkey; Type: FK CONSTRAINT; Schema: public; Owner: postgres
--

ALTER TABLE ONLY public.imparte
    ADD CONSTRAINT imparte_id_curso_fkey FOREIGN KEY (id_curso) REFERENCES public."Cursos"(id_curso);


--
-- TOC entry 3788 (class 2606 OID 30025)
-- Name: matricula matricula_id_discente_fkey; Type: FK CONSTRAINT; Schema: public; Owner: postgres
--

ALTER TABLE ONLY public.matricula
    ADD CONSTRAINT matricula_id_discente_fkey FOREIGN KEY (id_discente) REFERENCES public."Discentes"(id_discente);


--
-- TOC entry 3789 (class 2606 OID 30030)
-- Name: matricula matricula_id_modulo_fkey; Type: FK CONSTRAINT; Schema: public; Owner: postgres
--

ALTER TABLE ONLY public.matricula
    ADD CONSTRAINT matricula_id_modulo_fkey FOREIGN KEY (id_modulo) REFERENCES public."Modulos"(id_modulo);


--
-- TOC entry 3953 (class 3256 OID 30055)
-- Name: Ciclos Acceso SELECT usuarios autentificados; Type: POLICY; Schema: public; Owner: postgres
--

CREATE POLICY "Acceso SELECT usuarios autentificados" ON public."Ciclos" FOR SELECT TO authenticated USING (true);


--
-- TOC entry 3954 (class 3256 OID 30056)
-- Name: Cursos Acceso SELECT usuarios autentificados; Type: POLICY; Schema: public; Owner: postgres
--

CREATE POLICY "Acceso SELECT usuarios autentificados" ON public."Cursos" FOR SELECT TO authenticated USING (true);


--
-- TOC entry 3955 (class 3256 OID 30057)
-- Name: Discentes Acceso SELECT usuarios autentificados; Type: POLICY; Schema: public; Owner: postgres
--

CREATE POLICY "Acceso SELECT usuarios autentificados" ON public."Discentes" FOR SELECT TO authenticated USING (true);


--
-- TOC entry 3956 (class 3256 OID 30058)
-- Name: Evaluaciones Acceso SELECT usuarios autentificados; Type: POLICY; Schema: public; Owner: postgres
--

CREATE POLICY "Acceso SELECT usuarios autentificados" ON public."Evaluaciones" FOR SELECT TO authenticated USING (true);


--
-- TOC entry 3957 (class 3256 OID 30059)
-- Name: Modulos Acceso SELECT usuarios autentificados; Type: POLICY; Schema: public; Owner: postgres
--

CREATE POLICY "Acceso SELECT usuarios autentificados" ON public."Modulos" FOR SELECT TO authenticated USING (true);


--
-- TOC entry 3958 (class 3256 OID 30060)
-- Name: Practicas Acceso SELECT usuarios autentificados; Type: POLICY; Schema: public; Owner: postgres
--

CREATE POLICY "Acceso SELECT usuarios autentificados" ON public."Practicas" FOR SELECT TO authenticated USING (true);


--
-- TOC entry 3959 (class 3256 OID 30061)
-- Name: TipoEvaluacion Acceso SELECT usuarios autentificados; Type: POLICY; Schema: public; Owner: postgres
--

CREATE POLICY "Acceso SELECT usuarios autentificados" ON public."TipoEvaluacion" FOR SELECT TO authenticated USING (true);


--
-- TOC entry 3960 (class 3256 OID 30062)
-- Name: TipoPracticas Acceso SELECT usuarios autentificados; Type: POLICY; Schema: public; Owner: postgres
--

CREATE POLICY "Acceso SELECT usuarios autentificados" ON public."TipoPracticas" FOR SELECT TO authenticated USING (true);


--
-- TOC entry 3961 (class 3256 OID 30063)
-- Name: Versiones Acceso SELECT usuarios autentificados; Type: POLICY; Schema: public; Owner: postgres
--

CREATE POLICY "Acceso SELECT usuarios autentificados" ON public."Versiones" FOR SELECT TO authenticated USING (true);


--
-- TOC entry 3962 (class 3256 OID 30064)
-- Name: evaluan Acceso SELECT usuarios autentificados; Type: POLICY; Schema: public; Owner: postgres
--

CREATE POLICY "Acceso SELECT usuarios autentificados" ON public.evaluan FOR SELECT TO authenticated USING (true);


--
-- TOC entry 3963 (class 3256 OID 30065)
-- Name: hacen Acceso SELECT usuarios autentificados; Type: POLICY; Schema: public; Owner: postgres
--

CREATE POLICY "Acceso SELECT usuarios autentificados" ON public.hacen FOR SELECT TO authenticated USING (true);


--
-- TOC entry 3964 (class 3256 OID 30066)
-- Name: imparte Acceso SELECT usuarios autentificados; Type: POLICY; Schema: public; Owner: postgres
--

CREATE POLICY "Acceso SELECT usuarios autentificados" ON public.imparte FOR SELECT TO authenticated USING (true);


--
-- TOC entry 3965 (class 3256 OID 30067)
-- Name: matricula Acceso SELECT usuarios autentificados; Type: POLICY; Schema: public; Owner: postgres
--

CREATE POLICY "Acceso SELECT usuarios autentificados" ON public.matricula FOR SELECT TO authenticated USING (true);


--
-- TOC entry 3966 (class 3256 OID 30068)
-- Name: poseen Acceso SELECT usuarios autentificados; Type: POLICY; Schema: public; Owner: postgres
--

CREATE POLICY "Acceso SELECT usuarios autentificados" ON public.poseen FOR SELECT TO authenticated USING (true);


--
-- TOC entry 3939 (class 0 OID 29593)
-- Dependencies: 270
-- Name: Ciclos; Type: ROW SECURITY; Schema: public; Owner: postgres
--

ALTER TABLE public."Ciclos" ENABLE ROW LEVEL SECURITY;

--
-- TOC entry 3940 (class 0 OID 29603)
-- Dependencies: 272
-- Name: Cursos; Type: ROW SECURITY; Schema: public; Owner: postgres
--

ALTER TABLE public."Cursos" ENABLE ROW LEVEL SECURITY;

--
-- TOC entry 3941 (class 0 OID 29614)
-- Dependencies: 274
-- Name: Discentes; Type: ROW SECURITY; Schema: public; Owner: postgres
--

ALTER TABLE public."Discentes" ENABLE ROW LEVEL SECURITY;

--
-- TOC entry 3942 (class 0 OID 29619)
-- Dependencies: 275
-- Name: Evaluaciones; Type: ROW SECURITY; Schema: public; Owner: postgres
--

ALTER TABLE public."Evaluaciones" ENABLE ROW LEVEL SECURITY;

--
-- TOC entry 3943 (class 0 OID 29628)
-- Dependencies: 277
-- Name: Modulos; Type: ROW SECURITY; Schema: public; Owner: postgres
--

ALTER TABLE public."Modulos" ENABLE ROW LEVEL SECURITY;

--
-- TOC entry 3944 (class 0 OID 29638)
-- Dependencies: 279
-- Name: Practicas; Type: ROW SECURITY; Schema: public; Owner: postgres
--

ALTER TABLE public."Practicas" ENABLE ROW LEVEL SECURITY;

--
-- TOC entry 3945 (class 0 OID 29650)
-- Dependencies: 281
-- Name: TipoEvaluacion; Type: ROW SECURITY; Schema: public; Owner: postgres
--

ALTER TABLE public."TipoEvaluacion" ENABLE ROW LEVEL SECURITY;

--
-- TOC entry 3946 (class 0 OID 29659)
-- Dependencies: 283
-- Name: TipoPracticas; Type: ROW SECURITY; Schema: public; Owner: postgres
--

ALTER TABLE public."TipoPracticas" ENABLE ROW LEVEL SECURITY;

--
-- TOC entry 3947 (class 0 OID 29668)
-- Dependencies: 285
-- Name: Versiones; Type: ROW SECURITY; Schema: public; Owner: postgres
--

ALTER TABLE public."Versiones" ENABLE ROW LEVEL SECURITY;

--
-- TOC entry 3948 (class 0 OID 29678)
-- Dependencies: 287
-- Name: evaluan; Type: ROW SECURITY; Schema: public; Owner: postgres
--

ALTER TABLE public.evaluan ENABLE ROW LEVEL SECURITY;

--
-- TOC entry 3949 (class 0 OID 29685)
-- Dependencies: 289
-- Name: hacen; Type: ROW SECURITY; Schema: public; Owner: postgres
--

ALTER TABLE public.hacen ENABLE ROW LEVEL SECURITY;

--
-- TOC entry 3950 (class 0 OID 29693)
-- Dependencies: 291
-- Name: imparte; Type: ROW SECURITY; Schema: public; Owner: postgres
--

ALTER TABLE public.imparte ENABLE ROW LEVEL SECURITY;

--
-- TOC entry 3951 (class 0 OID 29701)
-- Dependencies: 293
-- Name: matricula; Type: ROW SECURITY; Schema: public; Owner: postgres
--

ALTER TABLE public.matricula ENABLE ROW LEVEL SECURITY;

--
-- TOC entry 3952 (class 0 OID 29710)
-- Dependencies: 295
-- Name: poseen; Type: ROW SECURITY; Schema: public; Owner: postgres
--

ALTER TABLE public.poseen ENABLE ROW LEVEL SECURITY;

--
-- TOC entry 4001 (class 0 OID 0)
-- Dependencies: 22
-- Name: SCHEMA public; Type: ACL; Schema: -; Owner: pg_database_owner
--

GRANT USAGE ON SCHEMA public TO postgres;
GRANT USAGE ON SCHEMA public TO anon;
GRANT USAGE ON SCHEMA public TO authenticated;
GRANT USAGE ON SCHEMA public TO service_role;


--
-- TOC entry 4002 (class 0 OID 0)
-- Dependencies: 270
-- Name: TABLE "Ciclos"; Type: ACL; Schema: public; Owner: postgres
--

GRANT SELECT,INSERT,REFERENCES,DELETE,TRIGGER,TRUNCATE,UPDATE ON TABLE public."Ciclos" TO anon;
GRANT SELECT,INSERT,REFERENCES,DELETE,TRIGGER,TRUNCATE,UPDATE ON TABLE public."Ciclos" TO authenticated;
GRANT SELECT,INSERT,REFERENCES,DELETE,TRIGGER,TRUNCATE,UPDATE ON TABLE public."Ciclos" TO service_role;


--
-- TOC entry 4003 (class 0 OID 0)
-- Dependencies: 271
-- Name: SEQUENCE "Ciclos_id_seq"; Type: ACL; Schema: public; Owner: postgres
--

GRANT ALL ON SEQUENCE public."Ciclos_id_seq" TO anon;
GRANT ALL ON SEQUENCE public."Ciclos_id_seq" TO authenticated;
GRANT ALL ON SEQUENCE public."Ciclos_id_seq" TO service_role;


--
-- TOC entry 4004 (class 0 OID 0)
-- Dependencies: 272
-- Name: TABLE "Cursos"; Type: ACL; Schema: public; Owner: postgres
--

GRANT SELECT,INSERT,REFERENCES,DELETE,TRIGGER,TRUNCATE,UPDATE ON TABLE public."Cursos" TO anon;
GRANT SELECT,INSERT,REFERENCES,DELETE,TRIGGER,TRUNCATE,UPDATE ON TABLE public."Cursos" TO authenticated;
GRANT SELECT,INSERT,REFERENCES,DELETE,TRIGGER,TRUNCATE,UPDATE ON TABLE public."Cursos" TO service_role;


--
-- TOC entry 4005 (class 0 OID 0)
-- Dependencies: 273
-- Name: SEQUENCE "Cursos_id_seq"; Type: ACL; Schema: public; Owner: postgres
--

GRANT ALL ON SEQUENCE public."Cursos_id_seq" TO anon;
GRANT ALL ON SEQUENCE public."Cursos_id_seq" TO authenticated;
GRANT ALL ON SEQUENCE public."Cursos_id_seq" TO service_role;


--
-- TOC entry 4006 (class 0 OID 0)
-- Dependencies: 274
-- Name: TABLE "Discentes"; Type: ACL; Schema: public; Owner: postgres
--

GRANT SELECT,INSERT,REFERENCES,DELETE,TRIGGER,TRUNCATE,UPDATE ON TABLE public."Discentes" TO anon;
GRANT SELECT,INSERT,REFERENCES,DELETE,TRIGGER,TRUNCATE,UPDATE ON TABLE public."Discentes" TO authenticated;
GRANT SELECT,INSERT,REFERENCES,DELETE,TRIGGER,TRUNCATE,UPDATE ON TABLE public."Discentes" TO service_role;


--
-- TOC entry 4007 (class 0 OID 0)
-- Dependencies: 275
-- Name: TABLE "Evaluaciones"; Type: ACL; Schema: public; Owner: postgres
--

GRANT SELECT,INSERT,REFERENCES,DELETE,TRIGGER,TRUNCATE,UPDATE ON TABLE public."Evaluaciones" TO anon;
GRANT SELECT,INSERT,REFERENCES,DELETE,TRIGGER,TRUNCATE,UPDATE ON TABLE public."Evaluaciones" TO authenticated;
GRANT SELECT,INSERT,REFERENCES,DELETE,TRIGGER,TRUNCATE,UPDATE ON TABLE public."Evaluaciones" TO service_role;


--
-- TOC entry 4008 (class 0 OID 0)
-- Dependencies: 276
-- Name: SEQUENCE "Evaluacion_id_evaluacion_seq"; Type: ACL; Schema: public; Owner: postgres
--

GRANT ALL ON SEQUENCE public."Evaluacion_id_evaluacion_seq" TO anon;
GRANT ALL ON SEQUENCE public."Evaluacion_id_evaluacion_seq" TO authenticated;
GRANT ALL ON SEQUENCE public."Evaluacion_id_evaluacion_seq" TO service_role;


--
-- TOC entry 4009 (class 0 OID 0)
-- Dependencies: 277
-- Name: TABLE "Modulos"; Type: ACL; Schema: public; Owner: postgres
--

GRANT SELECT,INSERT,REFERENCES,DELETE,TRIGGER,TRUNCATE,UPDATE ON TABLE public."Modulos" TO anon;
GRANT SELECT,INSERT,REFERENCES,DELETE,TRIGGER,TRUNCATE,UPDATE ON TABLE public."Modulos" TO authenticated;
GRANT SELECT,INSERT,REFERENCES,DELETE,TRIGGER,TRUNCATE,UPDATE ON TABLE public."Modulos" TO service_role;


--
-- TOC entry 4010 (class 0 OID 0)
-- Dependencies: 278
-- Name: SEQUENCE "Modulos_id_modulo_seq"; Type: ACL; Schema: public; Owner: postgres
--

GRANT ALL ON SEQUENCE public."Modulos_id_modulo_seq" TO anon;
GRANT ALL ON SEQUENCE public."Modulos_id_modulo_seq" TO authenticated;
GRANT ALL ON SEQUENCE public."Modulos_id_modulo_seq" TO service_role;


--
-- TOC entry 4011 (class 0 OID 0)
-- Dependencies: 279
-- Name: TABLE "Practicas"; Type: ACL; Schema: public; Owner: postgres
--

GRANT SELECT,INSERT,REFERENCES,DELETE,TRIGGER,TRUNCATE,UPDATE ON TABLE public."Practicas" TO anon;
GRANT SELECT,INSERT,REFERENCES,DELETE,TRIGGER,TRUNCATE,UPDATE ON TABLE public."Practicas" TO authenticated;
GRANT SELECT,INSERT,REFERENCES,DELETE,TRIGGER,TRUNCATE,UPDATE ON TABLE public."Practicas" TO service_role;


--
-- TOC entry 4012 (class 0 OID 0)
-- Dependencies: 280
-- Name: SEQUENCE "Practicas_id_practica_seq"; Type: ACL; Schema: public; Owner: postgres
--

GRANT ALL ON SEQUENCE public."Practicas_id_practica_seq" TO anon;
GRANT ALL ON SEQUENCE public."Practicas_id_practica_seq" TO authenticated;
GRANT ALL ON SEQUENCE public."Practicas_id_practica_seq" TO service_role;


--
-- TOC entry 4013 (class 0 OID 0)
-- Dependencies: 281
-- Name: TABLE "TipoEvaluacion"; Type: ACL; Schema: public; Owner: postgres
--

GRANT SELECT,INSERT,REFERENCES,DELETE,TRIGGER,TRUNCATE,UPDATE ON TABLE public."TipoEvaluacion" TO anon;
GRANT SELECT,INSERT,REFERENCES,DELETE,TRIGGER,TRUNCATE,UPDATE ON TABLE public."TipoEvaluacion" TO authenticated;
GRANT SELECT,INSERT,REFERENCES,DELETE,TRIGGER,TRUNCATE,UPDATE ON TABLE public."TipoEvaluacion" TO service_role;


--
-- TOC entry 4014 (class 0 OID 0)
-- Dependencies: 282
-- Name: SEQUENCE "TipoEvaluacion_id_tipoevaluacion_seq"; Type: ACL; Schema: public; Owner: postgres
--

GRANT ALL ON SEQUENCE public."TipoEvaluacion_id_tipoevaluacion_seq" TO anon;
GRANT ALL ON SEQUENCE public."TipoEvaluacion_id_tipoevaluacion_seq" TO authenticated;
GRANT ALL ON SEQUENCE public."TipoEvaluacion_id_tipoevaluacion_seq" TO service_role;


--
-- TOC entry 4015 (class 0 OID 0)
-- Dependencies: 283
-- Name: TABLE "TipoPracticas"; Type: ACL; Schema: public; Owner: postgres
--

GRANT SELECT,INSERT,REFERENCES,DELETE,TRIGGER,TRUNCATE,UPDATE ON TABLE public."TipoPracticas" TO anon;
GRANT SELECT,INSERT,REFERENCES,DELETE,TRIGGER,TRUNCATE,UPDATE ON TABLE public."TipoPracticas" TO authenticated;
GRANT SELECT,INSERT,REFERENCES,DELETE,TRIGGER,TRUNCATE,UPDATE ON TABLE public."TipoPracticas" TO service_role;


--
-- TOC entry 4016 (class 0 OID 0)
-- Dependencies: 284
-- Name: SEQUENCE "TipoPracticas_id_tipopractica_seq"; Type: ACL; Schema: public; Owner: postgres
--

GRANT ALL ON SEQUENCE public."TipoPracticas_id_tipopractica_seq" TO anon;
GRANT ALL ON SEQUENCE public."TipoPracticas_id_tipopractica_seq" TO authenticated;
GRANT ALL ON SEQUENCE public."TipoPracticas_id_tipopractica_seq" TO service_role;


--
-- TOC entry 4017 (class 0 OID 0)
-- Dependencies: 285
-- Name: TABLE "Versiones"; Type: ACL; Schema: public; Owner: postgres
--

GRANT SELECT,INSERT,REFERENCES,DELETE,TRIGGER,TRUNCATE,UPDATE ON TABLE public."Versiones" TO anon;
GRANT SELECT,INSERT,REFERENCES,DELETE,TRIGGER,TRUNCATE,UPDATE ON TABLE public."Versiones" TO authenticated;
GRANT SELECT,INSERT,REFERENCES,DELETE,TRIGGER,TRUNCATE,UPDATE ON TABLE public."Versiones" TO service_role;


--
-- TOC entry 4018 (class 0 OID 0)
-- Dependencies: 286
-- Name: SEQUENCE "Versiones_id_version_seq"; Type: ACL; Schema: public; Owner: postgres
--

GRANT ALL ON SEQUENCE public."Versiones_id_version_seq" TO anon;
GRANT ALL ON SEQUENCE public."Versiones_id_version_seq" TO authenticated;
GRANT ALL ON SEQUENCE public."Versiones_id_version_seq" TO service_role;


--
-- TOC entry 4019 (class 0 OID 0)
-- Dependencies: 287
-- Name: TABLE evaluan; Type: ACL; Schema: public; Owner: postgres
--

GRANT SELECT,INSERT,REFERENCES,DELETE,TRIGGER,TRUNCATE,UPDATE ON TABLE public.evaluan TO anon;
GRANT SELECT,INSERT,REFERENCES,DELETE,TRIGGER,TRUNCATE,UPDATE ON TABLE public.evaluan TO authenticated;
GRANT SELECT,INSERT,REFERENCES,DELETE,TRIGGER,TRUNCATE,UPDATE ON TABLE public.evaluan TO service_role;


--
-- TOC entry 4020 (class 0 OID 0)
-- Dependencies: 288
-- Name: SEQUENCE evaluan_id_evaluan_seq; Type: ACL; Schema: public; Owner: postgres
--

GRANT ALL ON SEQUENCE public.evaluan_id_evaluan_seq TO anon;
GRANT ALL ON SEQUENCE public.evaluan_id_evaluan_seq TO authenticated;
GRANT ALL ON SEQUENCE public.evaluan_id_evaluan_seq TO service_role;


--
-- TOC entry 4021 (class 0 OID 0)
-- Dependencies: 289
-- Name: TABLE hacen; Type: ACL; Schema: public; Owner: postgres
--

GRANT SELECT,INSERT,REFERENCES,DELETE,TRIGGER,TRUNCATE,UPDATE ON TABLE public.hacen TO anon;
GRANT SELECT,INSERT,REFERENCES,DELETE,TRIGGER,TRUNCATE,UPDATE ON TABLE public.hacen TO authenticated;
GRANT SELECT,INSERT,REFERENCES,DELETE,TRIGGER,TRUNCATE,UPDATE ON TABLE public.hacen TO service_role;


--
-- TOC entry 4022 (class 0 OID 0)
-- Dependencies: 290
-- Name: SEQUENCE hacen_id_hacen_seq; Type: ACL; Schema: public; Owner: postgres
--

GRANT ALL ON SEQUENCE public.hacen_id_hacen_seq TO anon;
GRANT ALL ON SEQUENCE public.hacen_id_hacen_seq TO authenticated;
GRANT ALL ON SEQUENCE public.hacen_id_hacen_seq TO service_role;


--
-- TOC entry 4023 (class 0 OID 0)
-- Dependencies: 291
-- Name: TABLE imparte; Type: ACL; Schema: public; Owner: postgres
--

GRANT SELECT,INSERT,REFERENCES,DELETE,TRIGGER,TRUNCATE,UPDATE ON TABLE public.imparte TO anon;
GRANT SELECT,INSERT,REFERENCES,DELETE,TRIGGER,TRUNCATE,UPDATE ON TABLE public.imparte TO authenticated;
GRANT SELECT,INSERT,REFERENCES,DELETE,TRIGGER,TRUNCATE,UPDATE ON TABLE public.imparte TO service_role;


--
-- TOC entry 4024 (class 0 OID 0)
-- Dependencies: 292
-- Name: SEQUENCE imparte_id_imparte_seq; Type: ACL; Schema: public; Owner: postgres
--

GRANT ALL ON SEQUENCE public.imparte_id_imparte_seq TO anon;
GRANT ALL ON SEQUENCE public.imparte_id_imparte_seq TO authenticated;
GRANT ALL ON SEQUENCE public.imparte_id_imparte_seq TO service_role;


--
-- TOC entry 4025 (class 0 OID 0)
-- Dependencies: 293
-- Name: TABLE matricula; Type: ACL; Schema: public; Owner: postgres
--

GRANT SELECT,INSERT,REFERENCES,DELETE,TRIGGER,TRUNCATE,UPDATE ON TABLE public.matricula TO anon;
GRANT SELECT,INSERT,REFERENCES,DELETE,TRIGGER,TRUNCATE,UPDATE ON TABLE public.matricula TO authenticated;
GRANT SELECT,INSERT,REFERENCES,DELETE,TRIGGER,TRUNCATE,UPDATE ON TABLE public.matricula TO service_role;


--
-- TOC entry 4026 (class 0 OID 0)
-- Dependencies: 294
-- Name: SEQUENCE matricula_id_matricula_seq; Type: ACL; Schema: public; Owner: postgres
--

GRANT ALL ON SEQUENCE public.matricula_id_matricula_seq TO anon;
GRANT ALL ON SEQUENCE public.matricula_id_matricula_seq TO authenticated;
GRANT ALL ON SEQUENCE public.matricula_id_matricula_seq TO service_role;


--
-- TOC entry 4027 (class 0 OID 0)
-- Dependencies: 295
-- Name: TABLE poseen; Type: ACL; Schema: public; Owner: postgres
--

GRANT SELECT,INSERT,REFERENCES,DELETE,TRIGGER,TRUNCATE,UPDATE ON TABLE public.poseen TO anon;
GRANT SELECT,INSERT,REFERENCES,DELETE,TRIGGER,TRUNCATE,UPDATE ON TABLE public.poseen TO authenticated;
GRANT SELECT,INSERT,REFERENCES,DELETE,TRIGGER,TRUNCATE,UPDATE ON TABLE public.poseen TO service_role;


--
-- TOC entry 4028 (class 0 OID 0)
-- Dependencies: 296
-- Name: SEQUENCE poseen_id_poseen_seq; Type: ACL; Schema: public; Owner: postgres
--

GRANT ALL ON SEQUENCE public.poseen_id_poseen_seq TO anon;
GRANT ALL ON SEQUENCE public.poseen_id_poseen_seq TO authenticated;
GRANT ALL ON SEQUENCE public.poseen_id_poseen_seq TO service_role;


--
-- TOC entry 2517 (class 826 OID 30088)
-- Name: DEFAULT PRIVILEGES FOR SEQUENCES; Type: DEFAULT ACL; Schema: public; Owner: postgres
--

ALTER DEFAULT PRIVILEGES FOR ROLE postgres IN SCHEMA public GRANT ALL ON SEQUENCES TO postgres;
ALTER DEFAULT PRIVILEGES FOR ROLE postgres IN SCHEMA public GRANT ALL ON SEQUENCES TO anon;
ALTER DEFAULT PRIVILEGES FOR ROLE postgres IN SCHEMA public GRANT ALL ON SEQUENCES TO authenticated;
ALTER DEFAULT PRIVILEGES FOR ROLE postgres IN SCHEMA public GRANT ALL ON SEQUENCES TO service_role;


--
-- TOC entry 2520 (class 826 OID 30089)
-- Name: DEFAULT PRIVILEGES FOR SEQUENCES; Type: DEFAULT ACL; Schema: public; Owner: supabase_admin
--

ALTER DEFAULT PRIVILEGES FOR ROLE supabase_admin IN SCHEMA public GRANT ALL ON SEQUENCES TO postgres;
ALTER DEFAULT PRIVILEGES FOR ROLE supabase_admin IN SCHEMA public GRANT ALL ON SEQUENCES TO anon;
ALTER DEFAULT PRIVILEGES FOR ROLE supabase_admin IN SCHEMA public GRANT ALL ON SEQUENCES TO authenticated;
ALTER DEFAULT PRIVILEGES FOR ROLE supabase_admin IN SCHEMA public GRANT ALL ON SEQUENCES TO service_role;


--
-- TOC entry 2522 (class 826 OID 30090)
-- Name: DEFAULT PRIVILEGES FOR FUNCTIONS; Type: DEFAULT ACL; Schema: public; Owner: postgres
--

ALTER DEFAULT PRIVILEGES FOR ROLE postgres IN SCHEMA public GRANT ALL ON FUNCTIONS TO postgres;
ALTER DEFAULT PRIVILEGES FOR ROLE postgres IN SCHEMA public GRANT ALL ON FUNCTIONS TO anon;
ALTER DEFAULT PRIVILEGES FOR ROLE postgres IN SCHEMA public GRANT ALL ON FUNCTIONS TO authenticated;
ALTER DEFAULT PRIVILEGES FOR ROLE postgres IN SCHEMA public GRANT ALL ON FUNCTIONS TO service_role;


--
-- TOC entry 2523 (class 826 OID 30091)
-- Name: DEFAULT PRIVILEGES FOR FUNCTIONS; Type: DEFAULT ACL; Schema: public; Owner: supabase_admin
--

ALTER DEFAULT PRIVILEGES FOR ROLE supabase_admin IN SCHEMA public GRANT ALL ON FUNCTIONS TO postgres;
ALTER DEFAULT PRIVILEGES FOR ROLE supabase_admin IN SCHEMA public GRANT ALL ON FUNCTIONS TO anon;
ALTER DEFAULT PRIVILEGES FOR ROLE supabase_admin IN SCHEMA public GRANT ALL ON FUNCTIONS TO authenticated;
ALTER DEFAULT PRIVILEGES FOR ROLE supabase_admin IN SCHEMA public GRANT ALL ON FUNCTIONS TO service_role;


--
-- TOC entry 2524 (class 826 OID 30092)
-- Name: DEFAULT PRIVILEGES FOR TABLES; Type: DEFAULT ACL; Schema: public; Owner: postgres
--

ALTER DEFAULT PRIVILEGES FOR ROLE postgres IN SCHEMA public GRANT SELECT,INSERT,REFERENCES,DELETE,TRIGGER,TRUNCATE,UPDATE ON TABLES TO postgres;
ALTER DEFAULT PRIVILEGES FOR ROLE postgres IN SCHEMA public GRANT SELECT,INSERT,REFERENCES,DELETE,TRIGGER,TRUNCATE,UPDATE ON TABLES TO anon;
ALTER DEFAULT PRIVILEGES FOR ROLE postgres IN SCHEMA public GRANT SELECT,INSERT,REFERENCES,DELETE,TRIGGER,TRUNCATE,UPDATE ON TABLES TO authenticated;
ALTER DEFAULT PRIVILEGES FOR ROLE postgres IN SCHEMA public GRANT SELECT,INSERT,REFERENCES,DELETE,TRIGGER,TRUNCATE,UPDATE ON TABLES TO service_role;


--
-- TOC entry 2526 (class 826 OID 30093)
-- Name: DEFAULT PRIVILEGES FOR TABLES; Type: DEFAULT ACL; Schema: public; Owner: supabase_admin
--

ALTER DEFAULT PRIVILEGES FOR ROLE supabase_admin IN SCHEMA public GRANT SELECT,INSERT,REFERENCES,DELETE,TRIGGER,TRUNCATE,UPDATE ON TABLES TO postgres;
ALTER DEFAULT PRIVILEGES FOR ROLE supabase_admin IN SCHEMA public GRANT SELECT,INSERT,REFERENCES,DELETE,TRIGGER,TRUNCATE,UPDATE ON TABLES TO anon;
ALTER DEFAULT PRIVILEGES FOR ROLE supabase_admin IN SCHEMA public GRANT SELECT,INSERT,REFERENCES,DELETE,TRIGGER,TRUNCATE,UPDATE ON TABLES TO authenticated;
ALTER DEFAULT PRIVILEGES FOR ROLE supabase_admin IN SCHEMA public GRANT SELECT,INSERT,REFERENCES,DELETE,TRIGGER,TRUNCATE,UPDATE ON TABLES TO service_role;


-- Completed on 2025-01-04 18:24:07

--
-- PostgreSQL database dump complete
--

